user_id,month,task_count_ai,task_count_manual,total_duration_ai,total_duration_manual,ai_tasks,manual_tasks,total_tasks,adoption_rate,ai_avg_dur,manual_avg_dur,full_name,role_title,join_date,region,team
1001,2025-01,1,0,33,0,1,0,1,100.0,33.0,,User 1001,Executive,2021-03-01,UK,Finance
1001,2025-03,2,0,80,0,2,0,2,100.0,40.0,,User 1001,Executive,2021-03-01,UK,Finance
1002,2024-10,0,1,0,55,0,1,1,0.0,,55.0,User 1002,Analyst,2021-09-04,US,Sales
1002,2024-11,0,4,0,219,0,4,4,0.0,,54.75,User 1002,Analyst,2021-09-04,US,Sales
1002,2025-04,1,0,30,0,1,0,1,100.0,30.0,,User 1002,Analyst,2021-09-04,US,Sales
1003,2024-10,0,2,0,122,0,2,2,0.0,,61.0,User 1003,Analyst,2023-06-19,UK,Sales
1003,2024-11,0,3,0,169,0,3,3,0.0,,56.333333333333336,User 1003,Analyst,2023-06-19,UK,Sales
1003,2025-01,1,1,41,73,1,1,2,50.0,41.0,73.0,User 1003,Analyst,2023-06-19,UK,Sales
1003,2025-02,0,2,0,141,0,2,2,0.0,,70.5,User 1003,Analyst,2023-06-19,UK,Sales
1004,2024-11,0,1,0,54,0,1,1,0.0,,54.0,User 1004,Executive,2022-08-04,EU,Sales
1004,2025-01,2,2,89,123,2,2,4,50.0,44.5,61.5,User 1004,Executive,2022-08-04,EU,Sales
1004,2025-02,1,3,46,142,1,3,4,25.0,46.0,47.333333333333336,User 1004,Executive,2022-08-04,EU,Sales
1004,2025-03,0,2,0,105,0,2,2,0.0,,52.5,User 1004,Executive,2022-08-04,EU,Sales
1005,2024-11,0,5,0,243,0,5,5,0.0,,48.6,User 1005,Manager,2023-08-28,UK,Finance
1005,2025-01,1,0,43,0,1,0,1,100.0,43.0,,User 1005,Manager,2023-08-28,UK,Finance
1005,2025-04,2,2,84,114,2,2,4,50.0,42.0,57.0,User 1005,Manager,2023-08-28,UK,Finance
1006,2024-10,0,2,0,95,0,2,2,0.0,,47.5,User 1006,Analyst,2021-03-22,EU,Finance
1006,2024-11,0,4,0,249,0,4,4,0.0,,62.25,User 1006,Analyst,2021-03-22,EU,Finance
1006,2025-01,1,1,25,47,1,1,2,50.0,25.0,47.0,User 1006,Analyst,2021-03-22,EU,Finance
1006,2025-02,1,1,30,55,1,1,2,50.0,30.0,55.0,User 1006,Analyst,2021-03-22,EU,Finance
1006,2025-03,0,1,0,73,0,1,1,0.0,,73.0,User 1006,Analyst,2021-03-22,EU,Finance
1006,2025-04,1,0,41,0,1,0,1,100.0,41.0,,User 1006,Analyst,2021-03-22,EU,Finance
1007,2024-10,0,4,0,205,0,4,4,0.0,,51.25,User 1007,Analyst,2021-03-29,EU,Finance
1007,2024-11,0,2,0,148,0,2,2,0.0,,74.0,User 1007,Analyst,2021-03-29,EU,Finance
1007,2025-02,1,1,42,52,1,1,2,50.0,42.0,52.0,User 1007,Analyst,2021-03-29,EU,Finance
1007,2025-03,1,0,37,0,1,0,1,100.0,37.0,,User 1007,Analyst,2021-03-29,EU,Finance
1008,2024-10,0,2,0,109,0,2,2,0.0,,54.5,User 1008,Analyst,2023-01-20,UK,Finance
1008,2024-11,0,4,0,260,0,4,4,0.0,,65.0,User 1008,Analyst,2023-01-20,UK,Finance
1008,2025-01,0,1,0,65,0,1,1,0.0,,65.0,User 1008,Analyst,2023-01-20,UK,Finance
1008,2025-02,1,0,39,0,1,0,1,100.0,39.0,,User 1008,Analyst,2023-01-20,UK,Finance
1008,2025-03,0,1,0,51,0,1,1,0.0,,51.0,User 1008,Analyst,2023-01-20,UK,Finance
1008,2025-04,1,1,39,71,1,1,2,50.0,39.0,71.0,User 1008,Analyst,2023-01-20,UK,Finance
1009,2024-10,0,2,0,90,0,2,2,0.0,,45.0,User 1009,Executive,2022-05-13,EU,People
1009,2024-11,0,1,0,70,0,1,1,0.0,,70.0,User 1009,Executive,2022-05-13,EU,People
1009,2025-02,1,0,40,0,1,0,1,100.0,40.0,,User 1009,Executive,2022-05-13,EU,People
1009,2025-04,1,0,30,0,1,0,1,100.0,30.0,,User 1009,Executive,2022-05-13,EU,People
1010,2024-10,0,2,0,98,0,2,2,0.0,,49.0,User 1010,Analyst,2023-04-16,UK,Finance
1010,2024-11,0,2,0,150,0,2,2,0.0,,75.0,User 1010,Analyst,2023-04-16,UK,Finance
1010,2025-01,4,0,159,0,4,0,4,100.0,39.75,,User 1010,Analyst,2023-04-16,UK,Finance
1010,2025-04,1,0,31,0,1,0,1,100.0,31.0,,User 1010,Analyst,2023-04-16,UK,Finance
1011,2024-10,0,2,0,98,0,2,2,0.0,,49.0,User 1011,Executive,2021-03-12,US,People
1011,2024-11,0,4,0,282,0,4,4,0.0,,70.5,User 1011,Executive,2021-03-12,US,People
1011,2025-03,1,0,44,0,1,0,1,100.0,44.0,,User 1011,Executive,2021-03-12,US,People
1012,2024-10,0,3,0,172,0,3,3,0.0,,57.333333333333336,User 1012,Executive,2023-02-18,EU,Finance
1012,2024-11,0,2,0,140,0,2,2,0.0,,70.0,User 1012,Executive,2023-02-18,EU,Finance
1012,2025-02,1,1,42,52,1,1,2,50.0,42.0,52.0,User 1012,Executive,2023-02-18,EU,Finance
1012,2025-03,3,0,106,0,3,0,3,100.0,35.333333333333336,,User 1012,Executive,2023-02-18,EU,Finance
1012,2025-04,0,1,0,48,0,1,1,0.0,,48.0,User 1012,Executive,2023-02-18,EU,Finance
1013,2024-10,0,3,0,218,0,3,3,0.0,,72.66666666666667,User 1013,Executive,2022-06-30,EU,Finance
1013,2024-11,0,1,0,67,0,1,1,0.0,,67.0,User 1013,Executive,2022-06-30,EU,Finance
1013,2025-02,0,1,0,44,0,1,1,0.0,,44.0,User 1013,Executive,2022-06-30,EU,Finance
1013,2025-03,0,1,0,68,0,1,1,0.0,,68.0,User 1013,Executive,2022-06-30,EU,Finance
1013,2025-04,0,2,0,120,0,2,2,0.0,,60.0,User 1013,Executive,2022-06-30,EU,Finance
1014,2024-10,0,3,0,230,0,3,3,0.0,,76.66666666666667,User 1014,Analyst,2023-02-24,EU,Finance
1014,2024-11,0,2,0,102,0,2,2,0.0,,51.0,User 1014,Analyst,2023-02-24,EU,Finance
1014,2025-01,1,1,55,65,1,1,2,50.0,55.0,65.0,User 1014,Analyst,2023-02-24,EU,Finance
1014,2025-02,1,1,47,59,1,1,2,50.0,47.0,59.0,User 1014,Analyst,2023-02-24,EU,Finance
1014,2025-03,1,0,38,0,1,0,1,100.0,38.0,,User 1014,Analyst,2023-02-24,EU,Finance
1014,2025-04,0,2,0,108,0,2,2,0.0,,54.0,User 1014,Analyst,2023-02-24,EU,Finance
1015,2024-10,0,4,0,228,0,4,4,0.0,,57.0,User 1015,Executive,2021-05-09,EU,Finance
1015,2024-11,0,2,0,106,0,2,2,0.0,,53.0,User 1015,Executive,2021-05-09,EU,Finance
1015,2025-01,0,1,0,56,0,1,1,0.0,,56.0,User 1015,Executive,2021-05-09,EU,Finance
1015,2025-02,1,0,40,0,1,0,1,100.0,40.0,,User 1015,Executive,2021-05-09,EU,Finance
1015,2025-04,1,0,51,0,1,0,1,100.0,51.0,,User 1015,Executive,2021-05-09,EU,Finance
1016,2024-11,0,1,0,62,0,1,1,0.0,,62.0,User 1016,Manager,2021-05-12,US,Finance
1016,2025-03,2,1,98,45,2,1,3,66.66666666666666,49.0,45.0,User 1016,Manager,2021-05-12,US,Finance
1016,2025-04,0,1,0,54,0,1,1,0.0,,54.0,User 1016,Manager,2021-05-12,US,Finance
1017,2024-10,0,2,0,109,0,2,2,0.0,,54.5,User 1017,Analyst,2022-11-07,US,Sales
1017,2024-11,0,2,0,119,0,2,2,0.0,,59.5,User 1017,Analyst,2022-11-07,US,Sales
1017,2025-03,0,1,0,65,0,1,1,0.0,,65.0,User 1017,Analyst,2022-11-07,US,Sales
1018,2024-10,0,2,0,100,0,2,2,0.0,,50.0,User 1018,Analyst,2022-05-02,UK,Finance
1018,2024-11,0,3,0,195,0,3,3,0.0,,65.0,User 1018,Analyst,2022-05-02,UK,Finance
1018,2025-01,1,1,43,70,1,1,2,50.0,43.0,70.0,User 1018,Analyst,2022-05-02,UK,Finance
1018,2025-02,0,1,0,75,0,1,1,0.0,,75.0,User 1018,Analyst,2022-05-02,UK,Finance
1018,2025-04,0,1,0,54,0,1,1,0.0,,54.0,User 1018,Analyst,2022-05-02,UK,Finance
1019,2024-11,0,1,0,52,0,1,1,0.0,,52.0,User 1019,Analyst,2023-08-28,EU,Sales
1019,2025-01,1,1,53,64,1,1,2,50.0,53.0,64.0,User 1019,Analyst,2023-08-28,EU,Sales
1019,2025-02,2,1,87,44,2,1,3,66.66666666666666,43.5,44.0,User 1019,Analyst,2023-08-28,EU,Sales
1019,2025-03,0,1,0,66,0,1,1,0.0,,66.0,User 1019,Analyst,2023-08-28,EU,Sales
1020,2024-10,0,1,0,57,0,1,1,0.0,,57.0,User 1020,Analyst,2022-07-17,EU,People
1020,2024-11,0,5,0,361,0,5,5,0.0,,72.2,User 1020,Analyst,2022-07-17,EU,People
1020,2025-01,2,1,83,49,2,1,3,66.66666666666666,41.5,49.0,User 1020,Analyst,2022-07-17,EU,People
1020,2025-02,0,1,0,60,0,1,1,0.0,,60.0,User 1020,Analyst,2022-07-17,EU,People
1020,2025-03,1,2,52,134,1,2,3,33.33333333333333,52.0,67.0,User 1020,Analyst,2022-07-17,EU,People
1020,2025-04,1,1,53,44,1,1,2,50.0,53.0,44.0,User 1020,Analyst,2022-07-17,EU,People
1021,2024-10,0,1,0,63,0,1,1,0.0,,63.0,User 1021,Analyst,2021-06-19,US,Sales
1021,2024-11,0,2,0,69,0,2,2,0.0,,34.5,User 1021,Analyst,2021-06-19,US,Sales
1021,2025-02,1,2,46,155,1,2,3,33.33333333333333,46.0,77.5,User 1021,Analyst,2021-06-19,US,Sales
1021,2025-03,0,2,0,131,0,2,2,0.0,,65.5,User 1021,Analyst,2021-06-19,US,Sales
1022,2024-10,0,1,0,36,0,1,1,0.0,,36.0,User 1022,Executive,2021-09-29,UK,Sales
1022,2024-11,0,6,0,362,0,6,6,0.0,,60.333333333333336,User 1022,Executive,2021-09-29,UK,Sales
1022,2025-02,1,0,32,0,1,0,1,100.0,32.0,,User 1022,Executive,2021-09-29,UK,Sales
1022,2025-03,0,2,0,120,0,2,2,0.0,,60.0,User 1022,Executive,2021-09-29,UK,Sales
1023,2024-10,0,4,0,233,0,4,4,0.0,,58.25,User 1023,Executive,2022-06-25,US,Sales
1023,2024-11,0,1,0,74,0,1,1,0.0,,74.0,User 1023,Executive,2022-06-25,US,Sales
1023,2025-01,0,1,0,51,0,1,1,0.0,,51.0,User 1023,Executive,2022-06-25,US,Sales
1023,2025-02,0,2,0,125,0,2,2,0.0,,62.5,User 1023,Executive,2022-06-25,US,Sales
1023,2025-03,1,0,34,0,1,0,1,100.0,34.0,,User 1023,Executive,2022-06-25,US,Sales
1024,2024-10,0,2,0,116,0,2,2,0.0,,58.0,User 1024,Analyst,2023-06-13,US,Finance
1024,2024-11,0,1,0,47,0,1,1,0.0,,47.0,User 1024,Analyst,2023-06-13,US,Finance
1024,2025-01,1,0,45,0,1,0,1,100.0,45.0,,User 1024,Analyst,2023-06-13,US,Finance
1024,2025-03,1,0,47,0,1,0,1,100.0,47.0,,User 1024,Analyst,2023-06-13,US,Finance
1024,2025-04,1,2,39,109,1,2,3,33.33333333333333,39.0,54.5,User 1024,Analyst,2023-06-13,US,Finance
1025,2024-10,0,2,0,123,0,2,2,0.0,,61.5,User 1025,Executive,2022-09-14,UK,People
1025,2024-11,0,2,0,56,0,2,2,0.0,,28.0,User 1025,Executive,2022-09-14,UK,People
1025,2025-01,1,0,40,0,1,0,1,100.0,40.0,,User 1025,Executive,2022-09-14,UK,People
1025,2025-03,1,0,38,0,1,0,1,100.0,38.0,,User 1025,Executive,2022-09-14,UK,People
1025,2025-04,1,1,49,59,1,1,2,50.0,49.0,59.0,User 1025,Executive,2022-09-14,UK,People
1026,2024-10,0,1,0,68,0,1,1,0.0,,68.0,User 1026,Analyst,2022-03-10,EU,People
1026,2024-11,0,5,0,306,0,5,5,0.0,,61.2,User 1026,Analyst,2022-03-10,EU,People
1026,2025-01,1,1,31,73,1,1,2,50.0,31.0,73.0,User 1026,Analyst,2022-03-10,EU,People
1026,2025-02,1,0,43,0,1,0,1,100.0,43.0,,User 1026,Analyst,2022-03-10,EU,People
1026,2025-03,0,3,0,161,0,3,3,0.0,,53.666666666666664,User 1026,Analyst,2022-03-10,EU,People
1026,2025-04,1,0,32,0,1,0,1,100.0,32.0,,User 1026,Analyst,2022-03-10,EU,People
1027,2024-10,0,2,0,132,0,2,2,0.0,,66.0,User 1027,Executive,2023-09-15,EU,People
1027,2024-11,0,3,0,202,0,3,3,0.0,,67.33333333333333,User 1027,Executive,2023-09-15,EU,People
1027,2025-01,1,0,52,0,1,0,1,100.0,52.0,,User 1027,Executive,2023-09-15,EU,People
1027,2025-02,1,0,51,0,1,0,1,100.0,51.0,,User 1027,Executive,2023-09-15,EU,People
1027,2025-03,1,0,26,0,1,0,1,100.0,26.0,,User 1027,Executive,2023-09-15,EU,People
1027,2025-04,0,1,0,62,0,1,1,0.0,,62.0,User 1027,Executive,2023-09-15,EU,People
1028,2024-10,0,5,0,298,0,5,5,0.0,,59.6,User 1028,Executive,2021-08-05,US,People
1028,2024-11,0,2,0,143,0,2,2,0.0,,71.5,User 1028,Executive,2021-08-05,US,People
1028,2025-03,0,1,0,74,0,1,1,0.0,,74.0,User 1028,Executive,2021-08-05,US,People
1028,2025-04,1,0,41,0,1,0,1,100.0,41.0,,User 1028,Executive,2021-08-05,US,People
1029,2024-10,0,3,0,191,0,3,3,0.0,,63.666666666666664,User 1029,Executive,2023-08-10,US,Sales
1029,2024-11,0,4,0,193,0,4,4,0.0,,48.25,User 1029,Executive,2023-08-10,US,Sales
1029,2025-01,1,0,40,0,1,0,1,100.0,40.0,,User 1029,Executive,2023-08-10,US,Sales
1029,2025-03,1,1,40,66,1,1,2,50.0,40.0,66.0,User 1029,Executive,2023-08-10,US,Sales
1030,2024-10,0,3,0,146,0,3,3,0.0,,48.666666666666664,User 1030,Executive,2022-07-07,US,Sales
1030,2024-11,0,5,0,366,0,5,5,0.0,,73.2,User 1030,Executive,2022-07-07,US,Sales
1030,2025-01,0,1,0,56,0,1,1,0.0,,56.0,User 1030,Executive,2022-07-07,US,Sales
1030,2025-02,1,0,42,0,1,0,1,100.0,42.0,,User 1030,Executive,2022-07-07,US,Sales
1030,2025-03,1,0,36,0,1,0,1,100.0,36.0,,User 1030,Executive,2022-07-07,US,Sales
1030,2025-04,0,2,0,101,0,2,2,0.0,,50.5,User 1030,Executive,2022-07-07,US,Sales
1031,2024-10,0,5,0,247,0,5,5,0.0,,49.4,User 1031,Manager,2023-02-13,UK,People
1031,2024-11,0,5,0,338,0,5,5,0.0,,67.6,User 1031,Manager,2023-02-13,UK,People
1031,2025-01,1,0,48,0,1,0,1,100.0,48.0,,User 1031,Manager,2023-02-13,UK,People
1031,2025-02,1,0,29,0,1,0,1,100.0,29.0,,User 1031,Manager,2023-02-13,UK,People
1031,2025-03,1,0,34,0,1,0,1,100.0,34.0,,User 1031,Manager,2023-02-13,UK,People
1031,2025-04,1,0,41,0,1,0,1,100.0,41.0,,User 1031,Manager,2023-02-13,UK,People
1032,2024-10,0,1,0,92,0,1,1,0.0,,92.0,User 1032,Analyst,2023-01-18,UK,Finance
1032,2024-11,0,2,0,160,0,2,2,0.0,,80.0,User 1032,Analyst,2023-01-18,UK,Finance
1032,2025-04,1,1,49,54,1,1,2,50.0,49.0,54.0,User 1032,Analyst,2023-01-18,UK,Finance
1033,2024-10,0,2,0,139,0,2,2,0.0,,69.5,User 1033,Manager,2022-12-08,US,People
1033,2024-11,0,2,0,120,0,2,2,0.0,,60.0,User 1033,Manager,2022-12-08,US,People
1033,2025-01,1,0,21,0,1,0,1,100.0,21.0,,User 1033,Manager,2022-12-08,US,People
1033,2025-03,2,0,84,0,2,0,2,100.0,42.0,,User 1033,Manager,2022-12-08,US,People
1033,2025-04,3,0,97,0,3,0,3,100.0,32.333333333333336,,User 1033,Manager,2022-12-08,US,People
1034,2024-10,0,3,0,180,0,3,3,0.0,,60.0,User 1034,Executive,2021-07-25,EU,Finance
1034,2024-11,0,2,0,128,0,2,2,0.0,,64.0,User 1034,Executive,2021-07-25,EU,Finance
1034,2025-02,0,2,0,133,0,2,2,0.0,,66.5,User 1034,Executive,2021-07-25,EU,Finance
1034,2025-04,0,1,0,68,0,1,1,0.0,,68.0,User 1034,Executive,2021-07-25,EU,Finance
1035,2024-10,0,3,0,199,0,3,3,0.0,,66.33333333333333,User 1035,Manager,2023-01-01,EU,People
1035,2024-11,0,2,0,110,0,2,2,0.0,,55.0,User 1035,Manager,2023-01-01,EU,People
1035,2025-02,0,1,0,67,0,1,1,0.0,,67.0,User 1035,Manager,2023-01-01,EU,People
1035,2025-03,0,2,0,140,0,2,2,0.0,,70.0,User 1035,Manager,2023-01-01,EU,People
1035,2025-04,0,3,0,176,0,3,3,0.0,,58.666666666666664,User 1035,Manager,2023-01-01,EU,People
1036,2024-10,0,1,0,69,0,1,1,0.0,,69.0,User 1036,Analyst,2021-11-16,UK,People
1036,2024-11,0,3,0,166,0,3,3,0.0,,55.333333333333336,User 1036,Analyst,2021-11-16,UK,People
1036,2025-01,1,1,34,59,1,1,2,50.0,34.0,59.0,User 1036,Analyst,2021-11-16,UK,People
1036,2025-02,1,0,29,0,1,0,1,100.0,29.0,,User 1036,Analyst,2021-11-16,UK,People
1036,2025-03,1,0,48,0,1,0,1,100.0,48.0,,User 1036,Analyst,2021-11-16,UK,People
1037,2024-10,0,3,0,177,0,3,3,0.0,,59.0,User 1037,Analyst,2022-02-13,UK,People
1037,2024-11,0,1,0,92,0,1,1,0.0,,92.0,User 1037,Analyst,2022-02-13,UK,People
1037,2025-01,1,2,47,108,1,2,3,33.33333333333333,47.0,54.0,User 1037,Analyst,2022-02-13,UK,People
1037,2025-03,0,1,0,65,0,1,1,0.0,,65.0,User 1037,Analyst,2022-02-13,UK,People
1038,2024-10,0,6,0,335,0,6,6,0.0,,55.833333333333336,User 1038,Executive,2022-11-19,EU,Finance
1038,2024-11,0,3,0,236,0,3,3,0.0,,78.66666666666667,User 1038,Executive,2022-11-19,EU,Finance
1038,2025-01,1,1,32,60,1,1,2,50.0,32.0,60.0,User 1038,Executive,2022-11-19,EU,Finance
1038,2025-02,0,1,0,80,0,1,1,0.0,,80.0,User 1038,Executive,2022-11-19,EU,Finance
1038,2025-04,1,0,42,0,1,0,1,100.0,42.0,,User 1038,Executive,2022-11-19,EU,Finance
1039,2024-10,0,1,0,43,0,1,1,0.0,,43.0,User 1039,Manager,2022-10-28,UK,Finance
1039,2024-11,0,4,0,225,0,4,4,0.0,,56.25,User 1039,Manager,2022-10-28,UK,Finance
1039,2025-01,0,1,0,70,0,1,1,0.0,,70.0,User 1039,Manager,2022-10-28,UK,Finance
1039,2025-02,0,1,0,72,0,1,1,0.0,,72.0,User 1039,Manager,2022-10-28,UK,Finance
1039,2025-03,0,1,0,60,0,1,1,0.0,,60.0,User 1039,Manager,2022-10-28,UK,Finance
1039,2025-04,2,1,66,59,2,1,3,66.66666666666666,33.0,59.0,User 1039,Manager,2022-10-28,UK,Finance
1040,2024-11,0,2,0,112,0,2,2,0.0,,56.0,User 1040,Manager,2022-01-18,EU,Finance
1040,2025-04,1,3,35,213,1,3,4,25.0,35.0,71.0,User 1040,Manager,2022-01-18,EU,Finance
1041,2024-10,0,3,0,143,0,3,3,0.0,,47.666666666666664,User 1041,Manager,2022-03-25,US,People
1041,2024-11,0,2,0,118,0,2,2,0.0,,59.0,User 1041,Manager,2022-03-25,US,People
1041,2025-01,0,1,0,51,0,1,1,0.0,,51.0,User 1041,Manager,2022-03-25,US,People
1041,2025-02,0,1,0,50,0,1,1,0.0,,50.0,User 1041,Manager,2022-03-25,US,People
1041,2025-03,1,0,32,0,1,0,1,100.0,32.0,,User 1041,Manager,2022-03-25,US,People
1041,2025-04,0,2,0,136,0,2,2,0.0,,68.0,User 1041,Manager,2022-03-25,US,People
1042,2024-10,0,3,0,148,0,3,3,0.0,,49.333333333333336,User 1042,Analyst,2023-07-11,UK,People
1042,2024-11,0,3,0,195,0,3,3,0.0,,65.0,User 1042,Analyst,2023-07-11,UK,People
1042,2025-03,2,0,58,0,2,0,2,100.0,29.0,,User 1042,Analyst,2023-07-11,UK,People
1042,2025-04,1,1,37,43,1,1,2,50.0,37.0,43.0,User 1042,Analyst,2023-07-11,UK,People
1043,2024-10,0,2,0,84,0,2,2,0.0,,42.0,User 1043,Analyst,2022-06-14,US,People
1043,2024-11,0,2,0,145,0,2,2,0.0,,72.5,User 1043,Analyst,2022-06-14,US,People
1043,2025-02,2,0,91,0,2,0,2,100.0,45.5,,User 1043,Analyst,2022-06-14,US,People
1043,2025-03,1,0,39,0,1,0,1,100.0,39.0,,User 1043,Analyst,2022-06-14,US,People
1043,2025-04,2,1,74,74,2,1,3,66.66666666666666,37.0,74.0,User 1043,Analyst,2022-06-14,US,People
1044,2024-10,0,3,0,163,0,3,3,0.0,,54.333333333333336,User 1044,Manager,2022-04-08,UK,People
1044,2024-11,0,4,0,263,0,4,4,0.0,,65.75,User 1044,Manager,2022-04-08,UK,People
1044,2025-01,1,1,48,75,1,1,2,50.0,48.0,75.0,User 1044,Manager,2022-04-08,UK,People
1044,2025-02,1,1,34,42,1,1,2,50.0,34.0,42.0,User 1044,Manager,2022-04-08,UK,People
1044,2025-03,1,0,19,0,1,0,1,100.0,19.0,,User 1044,Manager,2022-04-08,UK,People
1044,2025-04,0,1,0,52,0,1,1,0.0,,52.0,User 1044,Manager,2022-04-08,UK,People
1045,2024-10,0,3,0,161,0,3,3,0.0,,53.666666666666664,User 1045,Analyst,2021-05-04,UK,People
1045,2024-11,0,5,0,333,0,5,5,0.0,,66.6,User 1045,Analyst,2021-05-04,UK,People
1045,2025-01,1,0,55,0,1,0,1,100.0,55.0,,User 1045,Analyst,2021-05-04,UK,People
1045,2025-02,2,0,74,0,2,0,2,100.0,37.0,,User 1045,Analyst,2021-05-04,UK,People
1045,2025-04,2,0,109,0,2,0,2,100.0,54.5,,User 1045,Analyst,2021-05-04,UK,People
1046,2024-10,0,1,0,44,0,1,1,0.0,,44.0,User 1046,Analyst,2021-09-11,US,Sales
1046,2024-11,0,3,0,201,0,3,3,0.0,,67.0,User 1046,Analyst,2021-09-11,US,Sales
1046,2025-02,1,2,13,96,1,2,3,33.33333333333333,13.0,48.0,User 1046,Analyst,2021-09-11,US,Sales
1046,2025-04,1,1,54,58,1,1,2,50.0,54.0,58.0,User 1046,Analyst,2021-09-11,US,Sales
1047,2024-10,0,2,0,124,0,2,2,0.0,,62.0,User 1047,Manager,2021-08-19,US,Finance
1047,2024-11,0,4,0,286,0,4,4,0.0,,71.5,User 1047,Manager,2021-08-19,US,Finance
1047,2025-02,0,2,0,102,0,2,2,0.0,,51.0,User 1047,Manager,2021-08-19,US,Finance
1047,2025-03,1,1,48,61,1,1,2,50.0,48.0,61.0,User 1047,Manager,2021-08-19,US,Finance
1047,2025-04,0,1,0,71,0,1,1,0.0,,71.0,User 1047,Manager,2021-08-19,US,Finance
1048,2024-10,0,3,0,191,0,3,3,0.0,,63.666666666666664,User 1048,Analyst,2021-03-07,UK,People
1048,2025-01,1,1,41,59,1,1,2,50.0,41.0,59.0,User 1048,Analyst,2021-03-07,UK,People
1048,2025-02,1,0,41,0,1,0,1,100.0,41.0,,User 1048,Analyst,2021-03-07,UK,People
1048,2025-03,1,0,22,0,1,0,1,100.0,22.0,,User 1048,Analyst,2021-03-07,UK,People
1048,2025-04,1,0,31,0,1,0,1,100.0,31.0,,User 1048,Analyst,2021-03-07,UK,People
1049,2024-10,0,4,0,242,0,4,4,0.0,,60.5,User 1049,Manager,2021-12-13,US,Sales
1049,2024-11,0,1,0,57,0,1,1,0.0,,57.0,User 1049,Manager,2021-12-13,US,Sales
1049,2025-01,1,0,41,0,1,0,1,100.0,41.0,,User 1049,Manager,2021-12-13,US,Sales
1049,2025-02,1,0,42,0,1,0,1,100.0,42.0,,User 1049,Manager,2021-12-13,US,Sales
1049,2025-03,1,1,44,66,1,1,2,50.0,44.0,66.0,User 1049,Manager,2021-12-13,US,Sales
1050,2024-10,0,4,0,243,0,4,4,0.0,,60.75,User 1050,Manager,2021-01-22,EU,Finance
1050,2024-11,0,2,0,130,0,2,2,0.0,,65.0,User 1050,Manager,2021-01-22,EU,Finance
1050,2025-01,2,0,73,0,2,0,2,100.0,36.5,,User 1050,Manager,2021-01-22,EU,Finance
1051,2024-10,0,2,0,149,0,2,2,0.0,,74.5,User 1051,Executive,2022-08-26,EU,Finance
1051,2024-11,0,2,0,105,0,2,2,0.0,,52.5,User 1051,Executive,2022-08-26,EU,Finance
1051,2025-01,1,0,47,0,1,0,1,100.0,47.0,,User 1051,Executive,2022-08-26,EU,Finance
1051,2025-03,2,0,120,0,2,0,2,100.0,60.0,,User 1051,Executive,2022-08-26,EU,Finance
1051,2025-04,1,0,43,0,1,0,1,100.0,43.0,,User 1051,Executive,2022-08-26,EU,Finance
1052,2024-10,0,5,0,352,0,5,5,0.0,,70.4,User 1052,Manager,2022-07-22,US,Finance
1052,2024-11,0,4,0,246,0,4,4,0.0,,61.5,User 1052,Manager,2022-07-22,US,Finance
1052,2025-01,1,1,28,57,1,1,2,50.0,28.0,57.0,User 1052,Manager,2022-07-22,US,Finance
1052,2025-04,0,1,0,53,0,1,1,0.0,,53.0,User 1052,Manager,2022-07-22,US,Finance
1053,2024-10,0,3,0,186,0,3,3,0.0,,62.0,User 1053,Analyst,2021-08-24,EU,Finance
1053,2024-11,0,1,0,52,0,1,1,0.0,,52.0,User 1053,Analyst,2021-08-24,EU,Finance
1053,2025-02,1,1,31,55,1,1,2,50.0,31.0,55.0,User 1053,Analyst,2021-08-24,EU,Finance
1053,2025-03,0,1,0,74,0,1,1,0.0,,74.0,User 1053,Analyst,2021-08-24,EU,Finance
1053,2025-04,1,1,36,65,1,1,2,50.0,36.0,65.0,User 1053,Analyst,2021-08-24,EU,Finance
1054,2024-10,0,4,0,294,0,4,4,0.0,,73.5,User 1054,Executive,2022-08-26,EU,People
1054,2024-11,0,4,0,269,0,4,4,0.0,,67.25,User 1054,Executive,2022-08-26,EU,People
1054,2025-02,2,1,79,54,2,1,3,66.66666666666666,39.5,54.0,User 1054,Executive,2022-08-26,EU,People
1054,2025-03,0,1,0,75,0,1,1,0.0,,75.0,User 1054,Executive,2022-08-26,EU,People
1055,2024-10,0,2,0,103,0,2,2,0.0,,51.5,User 1055,Manager,2021-08-14,EU,Sales
1055,2024-11,0,2,0,123,0,2,2,0.0,,61.5,User 1055,Manager,2021-08-14,EU,Sales
1055,2025-04,0,1,0,47,0,1,1,0.0,,47.0,User 1055,Manager,2021-08-14,EU,Sales
1056,2024-10,0,2,0,115,0,2,2,0.0,,57.5,User 1056,Executive,2021-01-08,UK,Finance
1056,2024-11,0,4,0,298,0,4,4,0.0,,74.5,User 1056,Executive,2021-01-08,UK,Finance
1056,2025-01,0,1,0,53,0,1,1,0.0,,53.0,User 1056,Executive,2021-01-08,UK,Finance
1056,2025-03,0,1,0,78,0,1,1,0.0,,78.0,User 1056,Executive,2021-01-08,UK,Finance
1056,2025-04,0,2,0,105,0,2,2,0.0,,52.5,User 1056,Executive,2021-01-08,UK,Finance
1057,2024-10,0,3,0,195,0,3,3,0.0,,65.0,User 1057,Analyst,2021-03-14,EU,People
1057,2024-11,0,2,0,120,0,2,2,0.0,,60.0,User 1057,Analyst,2021-03-14,EU,People
1057,2025-01,2,1,85,64,2,1,3,66.66666666666666,42.5,64.0,User 1057,Analyst,2021-03-14,EU,People
1057,2025-02,2,4,90,260,2,4,6,33.33333333333333,45.0,65.0,User 1057,Analyst,2021-03-14,EU,People
1057,2025-03,1,0,43,0,1,0,1,100.0,43.0,,User 1057,Analyst,2021-03-14,EU,People
1057,2025-04,0,1,0,55,0,1,1,0.0,,55.0,User 1057,Analyst,2021-03-14,EU,People
1058,2024-10,0,3,0,149,0,3,3,0.0,,49.666666666666664,User 1058,Manager,2022-12-26,EU,People
1058,2024-11,0,1,0,45,0,1,1,0.0,,45.0,User 1058,Manager,2022-12-26,EU,People
1058,2025-01,0,2,0,123,0,2,2,0.0,,61.5,User 1058,Manager,2022-12-26,EU,People
1058,2025-02,0,1,0,63,0,1,1,0.0,,63.0,User 1058,Manager,2022-12-26,EU,People
1058,2025-03,1,0,29,0,1,0,1,100.0,29.0,,User 1058,Manager,2022-12-26,EU,People
1058,2025-04,0,1,0,57,0,1,1,0.0,,57.0,User 1058,Manager,2022-12-26,EU,People
1059,2024-10,0,3,0,171,0,3,3,0.0,,57.0,User 1059,Analyst,2022-10-09,US,Finance
1059,2025-01,1,0,35,0,1,0,1,100.0,35.0,,User 1059,Analyst,2022-10-09,US,Finance
1059,2025-02,2,0,79,0,2,0,2,100.0,39.5,,User 1059,Analyst,2022-10-09,US,Finance
1059,2025-03,0,2,0,122,0,2,2,0.0,,61.0,User 1059,Analyst,2022-10-09,US,Finance
1059,2025-04,0,2,0,118,0,2,2,0.0,,59.0,User 1059,Analyst,2022-10-09,US,Finance
1060,2024-10,0,2,0,110,0,2,2,0.0,,55.0,User 1060,Executive,2021-03-02,EU,Sales
1060,2024-11,0,2,0,143,0,2,2,0.0,,71.5,User 1060,Executive,2021-03-02,EU,Sales
1060,2025-01,1,0,37,0,1,0,1,100.0,37.0,,User 1060,Executive,2021-03-02,EU,Sales
1060,2025-02,1,1,35,55,1,1,2,50.0,35.0,55.0,User 1060,Executive,2021-03-02,EU,Sales
1060,2025-04,4,1,178,62,4,1,5,80.0,44.5,62.0,User 1060,Executive,2021-03-02,EU,Sales
1061,2024-10,0,4,0,297,0,4,4,0.0,,74.25,User 1061,Manager,2021-08-23,UK,Sales
1061,2024-11,0,3,0,184,0,3,3,0.0,,61.333333333333336,User 1061,Manager,2021-08-23,UK,Sales
1061,2025-01,2,0,94,0,2,0,2,100.0,47.0,,User 1061,Manager,2021-08-23,UK,Sales
1061,2025-02,2,1,83,62,2,1,3,66.66666666666666,41.5,62.0,User 1061,Manager,2021-08-23,UK,Sales
1061,2025-03,2,0,81,0,2,0,2,100.0,40.5,,User 1061,Manager,2021-08-23,UK,Sales
1061,2025-04,0,2,0,133,0,2,2,0.0,,66.5,User 1061,Manager,2021-08-23,UK,Sales
1062,2024-10,0,3,0,180,0,3,3,0.0,,60.0,User 1062,Executive,2021-03-11,UK,Sales
1062,2024-11,0,1,0,64,0,1,1,0.0,,64.0,User 1062,Executive,2021-03-11,UK,Sales
1062,2025-01,1,1,33,54,1,1,2,50.0,33.0,54.0,User 1062,Executive,2021-03-11,UK,Sales
1062,2025-03,0,2,0,118,0,2,2,0.0,,59.0,User 1062,Executive,2021-03-11,UK,Sales
1064,2024-10,0,4,0,258,0,4,4,0.0,,64.5,User 1064,Manager,2021-02-02,UK,People
1064,2024-11,0,2,0,114,0,2,2,0.0,,57.0,User 1064,Manager,2021-02-02,UK,People
1064,2025-01,0,2,0,131,0,2,2,0.0,,65.5,User 1064,Manager,2021-02-02,UK,People
1064,2025-02,2,1,83,44,2,1,3,66.66666666666666,41.5,44.0,User 1064,Manager,2021-02-02,UK,People
1064,2025-03,3,0,103,0,3,0,3,100.0,34.333333333333336,,User 1064,Manager,2021-02-02,UK,People
1064,2025-04,1,0,37,0,1,0,1,100.0,37.0,,User 1064,Manager,2021-02-02,UK,People
1065,2024-10,0,1,0,51,0,1,1,0.0,,51.0,User 1065,Executive,2023-05-31,UK,Finance
1065,2025-01,1,0,29,0,1,0,1,100.0,29.0,,User 1065,Executive,2023-05-31,UK,Finance
1065,2025-02,0,1,0,77,0,1,1,0.0,,77.0,User 1065,Executive,2023-05-31,UK,Finance
1065,2025-03,1,0,26,0,1,0,1,100.0,26.0,,User 1065,Executive,2023-05-31,UK,Finance
1065,2025-04,3,1,109,55,3,1,4,75.0,36.333333333333336,55.0,User 1065,Executive,2023-05-31,UK,Finance
1066,2024-10,0,1,0,64,0,1,1,0.0,,64.0,User 1066,Analyst,2021-12-05,EU,Finance
1066,2024-11,0,3,0,165,0,3,3,0.0,,55.0,User 1066,Analyst,2021-12-05,EU,Finance
1066,2025-01,1,0,40,0,1,0,1,100.0,40.0,,User 1066,Analyst,2021-12-05,EU,Finance
1066,2025-02,1,0,51,0,1,0,1,100.0,51.0,,User 1066,Analyst,2021-12-05,EU,Finance
1066,2025-03,1,0,20,0,1,0,1,100.0,20.0,,User 1066,Analyst,2021-12-05,EU,Finance
1066,2025-04,1,0,30,0,1,0,1,100.0,30.0,,User 1066,Analyst,2021-12-05,EU,Finance
1067,2024-10,0,6,0,352,0,6,6,0.0,,58.666666666666664,User 1067,Executive,2021-03-14,EU,People
1067,2024-11,0,4,0,268,0,4,4,0.0,,67.0,User 1067,Executive,2021-03-14,EU,People
1067,2025-01,1,1,39,54,1,1,2,50.0,39.0,54.0,User 1067,Executive,2021-03-14,EU,People
1067,2025-02,2,0,97,0,2,0,2,100.0,48.5,,User 1067,Executive,2021-03-14,EU,People
1067,2025-04,0,1,0,63,0,1,1,0.0,,63.0,User 1067,Executive,2021-03-14,EU,People
1068,2024-10,0,2,0,120,0,2,2,0.0,,60.0,User 1068,Analyst,2022-06-11,UK,People
1068,2024-11,0,5,0,359,0,5,5,0.0,,71.8,User 1068,Analyst,2022-06-11,UK,People
1068,2025-01,0,1,0,55,0,1,1,0.0,,55.0,User 1068,Analyst,2022-06-11,UK,People
1068,2025-02,1,0,47,0,1,0,1,100.0,47.0,,User 1068,Analyst,2022-06-11,UK,People
1068,2025-03,0,2,0,117,0,2,2,0.0,,58.5,User 1068,Analyst,2022-06-11,UK,People
1068,2025-04,1,1,48,51,1,1,2,50.0,48.0,51.0,User 1068,Analyst,2022-06-11,UK,People
1069,2024-10,0,1,0,55,0,1,1,0.0,,55.0,User 1069,Analyst,2021-09-01,US,People
1069,2024-11,0,1,0,66,0,1,1,0.0,,66.0,User 1069,Analyst,2021-09-01,US,People
1069,2025-01,1,0,34,0,1,0,1,100.0,34.0,,User 1069,Analyst,2021-09-01,US,People
1069,2025-02,0,2,0,123,0,2,2,0.0,,61.5,User 1069,Analyst,2021-09-01,US,People
1069,2025-03,1,0,51,0,1,0,1,100.0,51.0,,User 1069,Analyst,2021-09-01,US,People
1070,2024-10,0,2,0,147,0,2,2,0.0,,73.5,User 1070,Executive,2021-10-13,US,Sales
1070,2024-11,0,1,0,80,0,1,1,0.0,,80.0,User 1070,Executive,2021-10-13,US,Sales
1070,2025-01,1,0,46,0,1,0,1,100.0,46.0,,User 1070,Executive,2021-10-13,US,Sales
1070,2025-04,0,2,0,126,0,2,2,0.0,,63.0,User 1070,Executive,2021-10-13,US,Sales
1070,2025-05,1,0,35,0,1,0,1,100.0,35.0,,User 1070,Executive,2021-10-13,US,Sales
1071,2024-10,0,1,0,85,0,1,1,0.0,,85.0,User 1071,Analyst,2022-11-17,EU,Finance
1071,2024-11,0,2,0,135,0,2,2,0.0,,67.5,User 1071,Analyst,2022-11-17,EU,Finance
1071,2025-01,1,0,49,0,1,0,1,100.0,49.0,,User 1071,Analyst,2022-11-17,EU,Finance
1071,2025-02,0,1,0,64,0,1,1,0.0,,64.0,User 1071,Analyst,2022-11-17,EU,Finance
1071,2025-03,2,1,55,81,2,1,3,66.66666666666666,27.5,81.0,User 1071,Analyst,2022-11-17,EU,Finance
1071,2025-04,0,1,0,62,0,1,1,0.0,,62.0,User 1071,Analyst,2022-11-17,EU,Finance
1072,2024-10,0,2,0,85,0,2,2,0.0,,42.5,User 1072,Manager,2022-05-13,UK,Finance
1072,2024-11,0,2,0,122,0,2,2,0.0,,61.0,User 1072,Manager,2022-05-13,UK,Finance
1072,2025-01,0,1,0,73,0,1,1,0.0,,73.0,User 1072,Manager,2022-05-13,UK,Finance
1072,2025-03,1,1,42,61,1,1,2,50.0,42.0,61.0,User 1072,Manager,2022-05-13,UK,Finance
1073,2024-10,0,5,0,290,0,5,5,0.0,,58.0,User 1073,Analyst,2021-08-08,EU,Sales
1073,2024-11,0,2,0,137,0,2,2,0.0,,68.5,User 1073,Analyst,2021-08-08,EU,Sales
1073,2025-01,0,1,0,65,0,1,1,0.0,,65.0,User 1073,Analyst,2021-08-08,EU,Sales
1073,2025-02,1,0,78,0,1,0,1,100.0,78.0,,User 1073,Analyst,2021-08-08,EU,Sales
1073,2025-03,1,1,39,56,1,1,2,50.0,39.0,56.0,User 1073,Analyst,2021-08-08,EU,Sales
1073,2025-04,1,1,44,65,1,1,2,50.0,44.0,65.0,User 1073,Analyst,2021-08-08,EU,Sales
1074,2024-10,0,1,0,74,0,1,1,0.0,,74.0,User 1074,Analyst,2022-07-07,US,Finance
1074,2025-01,1,0,25,0,1,0,1,100.0,25.0,,User 1074,Analyst,2022-07-07,US,Finance
1074,2025-03,0,2,0,132,0,2,2,0.0,,66.0,User 1074,Analyst,2022-07-07,US,Finance
1074,2025-04,2,2,97,111,2,2,4,50.0,48.5,55.5,User 1074,Analyst,2022-07-07,US,Finance
1075,2024-10,0,3,0,166,0,3,3,0.0,,55.333333333333336,User 1075,Analyst,2021-05-16,UK,Sales
1075,2024-11,0,3,0,183,0,3,3,0.0,,61.0,User 1075,Analyst,2021-05-16,UK,Sales
1075,2025-01,0,2,0,114,0,2,2,0.0,,57.0,User 1075,Analyst,2021-05-16,UK,Sales
1075,2025-02,1,0,34,0,1,0,1,100.0,34.0,,User 1075,Analyst,2021-05-16,UK,Sales
1075,2025-03,0,2,0,135,0,2,2,0.0,,67.5,User 1075,Analyst,2021-05-16,UK,Sales
1075,2025-04,3,0,115,0,3,0,3,100.0,38.333333333333336,,User 1075,Analyst,2021-05-16,UK,Sales
1076,2024-10,0,2,0,133,0,2,2,0.0,,66.5,User 1076,Manager,2023-01-11,EU,Sales
1076,2024-11,0,3,0,180,0,3,3,0.0,,60.0,User 1076,Manager,2023-01-11,EU,Sales
1076,2025-01,3,0,101,0,3,0,3,100.0,33.666666666666664,,User 1076,Manager,2023-01-11,EU,Sales
1076,2025-02,0,1,0,54,0,1,1,0.0,,54.0,User 1076,Manager,2023-01-11,EU,Sales
1076,2025-03,1,1,34,65,1,1,2,50.0,34.0,65.0,User 1076,Manager,2023-01-11,EU,Sales
1076,2025-04,1,0,30,0,1,0,1,100.0,30.0,,User 1076,Manager,2023-01-11,EU,Sales
1077,2024-10,0,1,0,57,0,1,1,0.0,,57.0,User 1077,Manager,2023-08-16,EU,Sales
1077,2024-11,0,3,0,193,0,3,3,0.0,,64.33333333333333,User 1077,Manager,2023-08-16,EU,Sales
1077,2025-02,1,0,35,0,1,0,1,100.0,35.0,,User 1077,Manager,2023-08-16,EU,Sales
1077,2025-03,2,2,78,128,2,2,4,50.0,39.0,64.0,User 1077,Manager,2023-08-16,EU,Sales
1077,2025-04,1,2,40,141,1,2,3,33.33333333333333,40.0,70.5,User 1077,Manager,2023-08-16,EU,Sales
1078,2024-10,0,5,0,272,0,5,5,0.0,,54.4,User 1078,Manager,2023-06-23,US,Finance
1078,2024-11,0,5,0,323,0,5,5,0.0,,64.6,User 1078,Manager,2023-06-23,US,Finance
1078,2025-01,1,2,25,138,1,2,3,33.33333333333333,25.0,69.0,User 1078,Manager,2023-06-23,US,Finance
1078,2025-03,1,0,65,0,1,0,1,100.0,65.0,,User 1078,Manager,2023-06-23,US,Finance
1078,2025-04,0,1,0,49,0,1,1,0.0,,49.0,User 1078,Manager,2023-06-23,US,Finance
1078,2025-05,0,1,0,57,0,1,1,0.0,,57.0,User 1078,Manager,2023-06-23,US,Finance
1079,2024-10,0,2,0,153,0,2,2,0.0,,76.5,User 1079,Executive,2022-08-08,EU,Sales
1079,2024-11,0,5,0,286,0,5,5,0.0,,57.2,User 1079,Executive,2022-08-08,EU,Sales
1079,2025-01,0,1,0,55,0,1,1,0.0,,55.0,User 1079,Executive,2022-08-08,EU,Sales
1079,2025-02,0,1,0,57,0,1,1,0.0,,57.0,User 1079,Executive,2022-08-08,EU,Sales
1079,2025-03,1,1,33,69,1,1,2,50.0,33.0,69.0,User 1079,Executive,2022-08-08,EU,Sales
1080,2024-10,0,1,0,92,0,1,1,0.0,,92.0,User 1080,Manager,2022-08-14,US,Finance
1080,2024-11,0,3,0,135,0,3,3,0.0,,45.0,User 1080,Manager,2022-08-14,US,Finance
1080,2025-02,0,1,0,56,0,1,1,0.0,,56.0,User 1080,Manager,2022-08-14,US,Finance
1080,2025-04,1,1,23,51,1,1,2,50.0,23.0,51.0,User 1080,Manager,2022-08-14,US,Finance
1081,2024-10,0,4,0,233,0,4,4,0.0,,58.25,User 1081,Analyst,2022-04-30,US,Sales
1081,2024-11,0,3,0,191,0,3,3,0.0,,63.666666666666664,User 1081,Analyst,2022-04-30,US,Sales
1081,2025-01,1,0,32,0,1,0,1,100.0,32.0,,User 1081,Analyst,2022-04-30,US,Sales
1081,2025-02,2,0,91,0,2,0,2,100.0,45.5,,User 1081,Analyst,2022-04-30,US,Sales
1081,2025-04,0,2,0,112,0,2,2,0.0,,56.0,User 1081,Analyst,2022-04-30,US,Sales
1082,2024-10,0,5,0,253,0,5,5,0.0,,50.6,User 1082,Manager,2021-09-06,UK,Finance
1082,2024-11,0,2,0,121,0,2,2,0.0,,60.5,User 1082,Manager,2021-09-06,UK,Finance
1082,2025-01,2,0,81,0,2,0,2,100.0,40.5,,User 1082,Manager,2021-09-06,UK,Finance
1082,2025-03,1,1,37,80,1,1,2,50.0,37.0,80.0,User 1082,Manager,2021-09-06,UK,Finance
1082,2025-04,0,1,0,55,0,1,1,0.0,,55.0,User 1082,Manager,2021-09-06,UK,Finance
1083,2024-10,0,1,0,34,0,1,1,0.0,,34.0,User 1083,Manager,2023-03-15,UK,Finance
1083,2024-11,0,3,0,122,0,3,3,0.0,,40.666666666666664,User 1083,Manager,2023-03-15,UK,Finance
1083,2025-01,1,0,37,0,1,0,1,100.0,37.0,,User 1083,Manager,2023-03-15,UK,Finance
1083,2025-02,1,2,39,99,1,2,3,33.33333333333333,39.0,49.5,User 1083,Manager,2023-03-15,UK,Finance
1083,2025-03,1,0,38,0,1,0,1,100.0,38.0,,User 1083,Manager,2023-03-15,UK,Finance
1083,2025-04,2,1,76,86,2,1,3,66.66666666666666,38.0,86.0,User 1083,Manager,2023-03-15,UK,Finance
1084,2024-10,0,2,0,124,0,2,2,0.0,,62.0,User 1084,Analyst,2022-04-30,EU,Finance
1084,2024-11,0,3,0,203,0,3,3,0.0,,67.66666666666667,User 1084,Analyst,2022-04-30,EU,Finance
1084,2025-01,0,1,0,42,0,1,1,0.0,,42.0,User 1084,Analyst,2022-04-30,EU,Finance
1084,2025-02,0,1,0,78,0,1,1,0.0,,78.0,User 1084,Analyst,2022-04-30,EU,Finance
1084,2025-03,1,0,55,0,1,0,1,100.0,55.0,,User 1084,Analyst,2022-04-30,EU,Finance
1084,2025-04,0,2,0,89,0,2,2,0.0,,44.5,User 1084,Analyst,2022-04-30,EU,Finance
1085,2024-10,0,1,0,80,0,1,1,0.0,,80.0,User 1085,Executive,2023-04-07,US,People
1085,2025-01,0,1,0,55,0,1,1,0.0,,55.0,User 1085,Executive,2023-04-07,US,People
1085,2025-02,0,1,0,54,0,1,1,0.0,,54.0,User 1085,Executive,2023-04-07,US,People
1085,2025-03,2,1,86,61,2,1,3,66.66666666666666,43.0,61.0,User 1085,Executive,2023-04-07,US,People
1085,2025-04,0,1,0,51,0,1,1,0.0,,51.0,User 1085,Executive,2023-04-07,US,People
1086,2024-10,0,5,0,324,0,5,5,0.0,,64.8,User 1086,Manager,2022-02-21,US,Sales
1086,2024-11,0,3,0,160,0,3,3,0.0,,53.333333333333336,User 1086,Manager,2022-02-21,US,Sales
1086,2025-01,1,0,32,0,1,0,1,100.0,32.0,,User 1086,Manager,2022-02-21,US,Sales
1086,2025-02,1,1,15,66,1,1,2,50.0,15.0,66.0,User 1086,Manager,2022-02-21,US,Sales
1086,2025-04,1,0,27,0,1,0,1,100.0,27.0,,User 1086,Manager,2022-02-21,US,Sales
1087,2024-10,0,4,0,202,0,4,4,0.0,,50.5,User 1087,Executive,2021-07-14,UK,Sales
1087,2024-11,0,1,0,70,0,1,1,0.0,,70.0,User 1087,Executive,2021-07-14,UK,Sales
1087,2025-01,1,2,39,111,1,2,3,33.33333333333333,39.0,55.5,User 1087,Executive,2021-07-14,UK,Sales
1087,2025-03,1,1,58,69,1,1,2,50.0,58.0,69.0,User 1087,Executive,2021-07-14,UK,Sales
1087,2025-04,1,1,48,60,1,1,2,50.0,48.0,60.0,User 1087,Executive,2021-07-14,UK,Sales
1088,2024-10,0,1,0,50,0,1,1,0.0,,50.0,User 1088,Executive,2021-04-07,UK,Finance
1088,2024-11,0,2,0,141,0,2,2,0.0,,70.5,User 1088,Executive,2021-04-07,UK,Finance
1088,2025-02,0,2,0,133,0,2,2,0.0,,66.5,User 1088,Executive,2021-04-07,UK,Finance
1088,2025-03,1,1,38,65,1,1,2,50.0,38.0,65.0,User 1088,Executive,2021-04-07,UK,Finance
1088,2025-04,1,2,42,105,1,2,3,33.33333333333333,42.0,52.5,User 1088,Executive,2021-04-07,UK,Finance
1089,2024-10,0,1,0,82,0,1,1,0.0,,82.0,User 1089,Executive,2021-04-10,US,People
1089,2024-11,0,1,0,78,0,1,1,0.0,,78.0,User 1089,Executive,2021-04-10,US,People
1089,2025-01,0,3,0,191,0,3,3,0.0,,63.666666666666664,User 1089,Executive,2021-04-10,US,People
1089,2025-03,2,1,78,48,2,1,3,66.66666666666666,39.0,48.0,User 1089,Executive,2021-04-10,US,People
1089,2025-04,3,1,123,62,3,1,4,75.0,41.0,62.0,User 1089,Executive,2021-04-10,US,People
1090,2024-10,0,2,0,96,0,2,2,0.0,,48.0,User 1090,Analyst,2022-11-06,UK,Sales
1090,2024-11,0,1,0,64,0,1,1,0.0,,64.0,User 1090,Analyst,2022-11-06,UK,Sales
1090,2025-01,1,1,41,48,1,1,2,50.0,41.0,48.0,User 1090,Analyst,2022-11-06,UK,Sales
1090,2025-02,1,1,37,54,1,1,2,50.0,37.0,54.0,User 1090,Analyst,2022-11-06,UK,Sales
1090,2025-03,0,1,0,66,0,1,1,0.0,,66.0,User 1090,Analyst,2022-11-06,UK,Sales
1090,2025-04,4,1,148,72,4,1,5,80.0,37.0,72.0,User 1090,Analyst,2022-11-06,UK,Sales
1091,2024-10,0,5,0,321,0,5,5,0.0,,64.2,User 1091,Executive,2022-03-18,EU,Finance
1091,2024-11,0,2,0,157,0,2,2,0.0,,78.5,User 1091,Executive,2022-03-18,EU,Finance
1091,2025-01,1,1,57,78,1,1,2,50.0,57.0,78.0,User 1091,Executive,2022-03-18,EU,Finance
1091,2025-02,0,1,0,51,0,1,1,0.0,,51.0,User 1091,Executive,2022-03-18,EU,Finance
1091,2025-03,1,2,62,112,1,2,3,33.33333333333333,62.0,56.0,User 1091,Executive,2022-03-18,EU,Finance
1091,2025-04,0,1,0,55,0,1,1,0.0,,55.0,User 1091,Executive,2022-03-18,EU,Finance
1092,2024-10,0,4,0,189,0,4,4,0.0,,47.25,User 1092,Executive,2021-12-29,US,Finance
1092,2025-01,1,0,42,0,1,0,1,100.0,42.0,,User 1092,Executive,2021-12-29,US,Finance
1092,2025-02,1,0,27,0,1,0,1,100.0,27.0,,User 1092,Executive,2021-12-29,US,Finance
1092,2025-03,0,1,0,67,0,1,1,0.0,,67.0,User 1092,Executive,2021-12-29,US,Finance
1092,2025-04,0,1,0,54,0,1,1,0.0,,54.0,User 1092,Executive,2021-12-29,US,Finance
1093,2024-10,0,1,0,64,0,1,1,0.0,,64.0,User 1093,Analyst,2022-03-10,UK,Finance
1093,2024-11,0,5,0,307,0,5,5,0.0,,61.4,User 1093,Analyst,2022-03-10,UK,Finance
1093,2025-01,3,0,98,0,3,0,3,100.0,32.666666666666664,,User 1093,Analyst,2022-03-10,UK,Finance
1093,2025-02,1,1,58,68,1,1,2,50.0,58.0,68.0,User 1093,Analyst,2022-03-10,UK,Finance
1093,2025-03,1,0,54,0,1,0,1,100.0,54.0,,User 1093,Analyst,2022-03-10,UK,Finance
1093,2025-04,1,0,25,0,1,0,1,100.0,25.0,,User 1093,Analyst,2022-03-10,UK,Finance
1094,2024-10,0,2,0,108,0,2,2,0.0,,54.0,User 1094,Executive,2022-02-25,EU,People
1094,2024-11,0,3,0,151,0,3,3,0.0,,50.333333333333336,User 1094,Executive,2022-02-25,EU,People
1094,2025-01,2,2,57,114,2,2,4,50.0,28.5,57.0,User 1094,Executive,2022-02-25,EU,People
1094,2025-03,0,1,0,72,0,1,1,0.0,,72.0,User 1094,Executive,2022-02-25,EU,People
1095,2024-10,0,2,0,108,0,2,2,0.0,,54.0,User 1095,Executive,2022-04-24,US,People
1095,2024-11,0,4,0,248,0,4,4,0.0,,62.0,User 1095,Executive,2022-04-24,US,People
1095,2025-01,0,1,0,54,0,1,1,0.0,,54.0,User 1095,Executive,2022-04-24,US,People
1095,2025-02,1,0,40,0,1,0,1,100.0,40.0,,User 1095,Executive,2022-04-24,US,People
1095,2025-03,1,0,27,0,1,0,1,100.0,27.0,,User 1095,Executive,2022-04-24,US,People
1095,2025-04,2,1,71,63,2,1,3,66.66666666666666,35.5,63.0,User 1095,Executive,2022-04-24,US,People
1096,2024-11,0,4,0,227,0,4,4,0.0,,56.75,User 1096,Analyst,2023-06-04,EU,People
1096,2025-02,0,1,0,60,0,1,1,0.0,,60.0,User 1096,Analyst,2023-06-04,EU,People
1096,2025-03,0,2,0,105,0,2,2,0.0,,52.5,User 1096,Analyst,2023-06-04,EU,People
1097,2024-11,0,1,0,27,0,1,1,0.0,,27.0,User 1097,Analyst,2023-01-17,EU,People
1097,2025-01,1,0,43,0,1,0,1,100.0,43.0,,User 1097,Analyst,2023-01-17,EU,People
1097,2025-02,0,1,0,51,0,1,1,0.0,,51.0,User 1097,Analyst,2023-01-17,EU,People
1097,2025-04,1,0,18,0,1,0,1,100.0,18.0,,User 1097,Analyst,2023-01-17,EU,People
1098,2024-11,0,3,0,174,0,3,3,0.0,,58.0,User 1098,Manager,2021-02-25,US,People
1098,2025-01,1,0,38,0,1,0,1,100.0,38.0,,User 1098,Manager,2021-02-25,US,People
1098,2025-03,4,0,168,0,4,0,4,100.0,42.0,,User 1098,Manager,2021-02-25,US,People
1099,2024-10,0,3,0,174,0,3,3,0.0,,58.0,User 1099,Manager,2022-11-21,EU,Finance
1099,2024-11,0,1,0,63,0,1,1,0.0,,63.0,User 1099,Manager,2022-11-21,EU,Finance
1099,2025-01,1,0,36,0,1,0,1,100.0,36.0,,User 1099,Manager,2022-11-21,EU,Finance
1099,2025-02,1,0,48,0,1,0,1,100.0,48.0,,User 1099,Manager,2022-11-21,EU,Finance
1099,2025-03,1,0,28,0,1,0,1,100.0,28.0,,User 1099,Manager,2022-11-21,EU,Finance
1099,2025-04,1,0,36,0,1,0,1,100.0,36.0,,User 1099,Manager,2022-11-21,EU,Finance
1100,2024-10,0,5,0,337,0,5,5,0.0,,67.4,User 1100,Manager,2022-11-01,UK,People
1100,2024-11,0,3,0,148,0,3,3,0.0,,49.333333333333336,User 1100,Manager,2022-11-01,UK,People
1100,2025-01,0,2,0,127,0,2,2,0.0,,63.5,User 1100,Manager,2022-11-01,UK,People
1100,2025-02,1,1,43,47,1,1,2,50.0,43.0,47.0,User 1100,Manager,2022-11-01,UK,People
1100,2025-03,1,1,33,52,1,1,2,50.0,33.0,52.0,User 1100,Manager,2022-11-01,UK,People
1101,2024-10,0,2,0,125,0,2,2,0.0,,62.5,User 1101,Executive,2022-10-24,UK,People
1101,2024-11,0,3,0,199,0,3,3,0.0,,66.33333333333333,User 1101,Executive,2022-10-24,UK,People
1101,2025-02,2,2,81,106,2,2,4,50.0,40.5,53.0,User 1101,Executive,2022-10-24,UK,People
1101,2025-04,1,0,39,0,1,0,1,100.0,39.0,,User 1101,Executive,2022-10-24,UK,People
1102,2024-10,0,2,0,150,0,2,2,0.0,,75.0,User 1102,Executive,2021-04-11,UK,Finance
1102,2025-01,0,1,0,61,0,1,1,0.0,,61.0,User 1102,Executive,2021-04-11,UK,Finance
1102,2025-02,0,1,0,79,0,1,1,0.0,,79.0,User 1102,Executive,2021-04-11,UK,Finance
1102,2025-03,0,1,0,50,0,1,1,0.0,,50.0,User 1102,Executive,2021-04-11,UK,Finance
1102,2025-04,1,0,29,0,1,0,1,100.0,29.0,,User 1102,Executive,2021-04-11,UK,Finance
1103,2024-10,0,1,0,52,0,1,1,0.0,,52.0,User 1103,Executive,2021-03-04,EU,Finance
1103,2024-11,0,2,0,93,0,2,2,0.0,,46.5,User 1103,Executive,2021-03-04,EU,Finance
1103,2025-02,0,1,0,67,0,1,1,0.0,,67.0,User 1103,Executive,2021-03-04,EU,Finance
1103,2025-04,2,0,84,0,2,0,2,100.0,42.0,,User 1103,Executive,2021-03-04,EU,Finance
1104,2024-11,0,1,0,60,0,1,1,0.0,,60.0,User 1104,Analyst,2022-02-17,UK,People
1104,2025-01,0,1,0,56,0,1,1,0.0,,56.0,User 1104,Analyst,2022-02-17,UK,People
1104,2025-02,1,2,51,118,1,2,3,33.33333333333333,51.0,59.0,User 1104,Analyst,2022-02-17,UK,People
1104,2025-03,1,0,33,0,1,0,1,100.0,33.0,,User 1104,Analyst,2022-02-17,UK,People
1105,2024-10,0,1,0,61,0,1,1,0.0,,61.0,User 1105,Executive,2023-01-16,EU,Sales
1105,2024-11,0,2,0,182,0,2,2,0.0,,91.0,User 1105,Executive,2023-01-16,EU,Sales
1105,2025-02,1,0,25,0,1,0,1,100.0,25.0,,User 1105,Executive,2023-01-16,EU,Sales
1105,2025-03,1,2,31,131,1,2,3,33.33333333333333,31.0,65.5,User 1105,Executive,2023-01-16,EU,Sales
1106,2024-10,0,3,0,186,0,3,3,0.0,,62.0,User 1106,Manager,2021-12-14,UK,Finance
1106,2024-11,0,5,0,292,0,5,5,0.0,,58.4,User 1106,Manager,2021-12-14,UK,Finance
1106,2025-01,1,0,42,0,1,0,1,100.0,42.0,,User 1106,Manager,2021-12-14,UK,Finance
1106,2025-03,0,2,0,105,0,2,2,0.0,,52.5,User 1106,Manager,2021-12-14,UK,Finance
1106,2025-04,1,1,43,74,1,1,2,50.0,43.0,74.0,User 1106,Manager,2021-12-14,UK,Finance
1107,2024-10,0,7,0,398,0,7,7,0.0,,56.857142857142854,User 1107,Analyst,2023-03-31,US,People
1107,2024-11,0,2,0,89,0,2,2,0.0,,44.5,User 1107,Analyst,2023-03-31,US,People
1107,2025-01,0,1,0,62,0,1,1,0.0,,62.0,User 1107,Analyst,2023-03-31,US,People
1107,2025-02,1,0,31,0,1,0,1,100.0,31.0,,User 1107,Analyst,2023-03-31,US,People
1107,2025-03,1,1,37,40,1,1,2,50.0,37.0,40.0,User 1107,Analyst,2023-03-31,US,People
1107,2025-04,2,0,109,0,2,0,2,100.0,54.5,,User 1107,Analyst,2023-03-31,US,People
1108,2024-10,0,1,0,60,0,1,1,0.0,,60.0,User 1108,Analyst,2023-06-02,EU,People
1108,2024-11,0,1,0,50,0,1,1,0.0,,50.0,User 1108,Analyst,2023-06-02,EU,People
1108,2025-02,0,2,0,113,0,2,2,0.0,,56.5,User 1108,Analyst,2023-06-02,EU,People
1108,2025-03,1,0,28,0,1,0,1,100.0,28.0,,User 1108,Analyst,2023-06-02,EU,People
1108,2025-04,0,1,0,54,0,1,1,0.0,,54.0,User 1108,Analyst,2023-06-02,EU,People
1109,2024-10,0,4,0,240,0,4,4,0.0,,60.0,User 1109,Analyst,2021-04-22,EU,Finance
1109,2024-11,0,2,0,108,0,2,2,0.0,,54.0,User 1109,Analyst,2021-04-22,EU,Finance
1109,2025-01,1,3,55,179,1,3,4,25.0,55.0,59.666666666666664,User 1109,Analyst,2021-04-22,EU,Finance
1109,2025-03,1,0,37,0,1,0,1,100.0,37.0,,User 1109,Analyst,2021-04-22,EU,Finance
1110,2024-10,0,2,0,112,0,2,2,0.0,,56.0,User 1110,Manager,2021-09-12,UK,Finance
1110,2024-11,0,1,0,68,0,1,1,0.0,,68.0,User 1110,Manager,2021-09-12,UK,Finance
1110,2025-01,1,2,33,120,1,2,3,33.33333333333333,33.0,60.0,User 1110,Manager,2021-09-12,UK,Finance
1110,2025-04,0,3,0,171,0,3,3,0.0,,57.0,User 1110,Manager,2021-09-12,UK,Finance
1111,2024-10,0,3,0,188,0,3,3,0.0,,62.666666666666664,User 1111,Manager,2021-07-16,US,Sales
1111,2024-11,0,4,0,256,0,4,4,0.0,,64.0,User 1111,Manager,2021-07-16,US,Sales
1111,2025-01,1,2,53,137,1,2,3,33.33333333333333,53.0,68.5,User 1111,Manager,2021-07-16,US,Sales
1111,2025-02,1,1,49,60,1,1,2,50.0,49.0,60.0,User 1111,Manager,2021-07-16,US,Sales
1111,2025-03,0,1,0,40,0,1,1,0.0,,40.0,User 1111,Manager,2021-07-16,US,Sales
1112,2024-10,0,5,0,336,0,5,5,0.0,,67.2,User 1112,Manager,2021-07-14,UK,Finance
1112,2024-11,0,4,0,261,0,4,4,0.0,,65.25,User 1112,Manager,2021-07-14,UK,Finance
1112,2025-01,0,1,0,42,0,1,1,0.0,,42.0,User 1112,Manager,2021-07-14,UK,Finance
1112,2025-02,0,1,0,48,0,1,1,0.0,,48.0,User 1112,Manager,2021-07-14,UK,Finance
1112,2025-04,0,1,0,47,0,1,1,0.0,,47.0,User 1112,Manager,2021-07-14,UK,Finance
1113,2024-10,0,1,0,45,0,1,1,0.0,,45.0,User 1113,Analyst,2022-07-04,UK,People
1113,2024-11,0,4,0,259,0,4,4,0.0,,64.75,User 1113,Analyst,2022-07-04,UK,People
1113,2025-01,1,1,38,50,1,1,2,50.0,38.0,50.0,User 1113,Analyst,2022-07-04,UK,People
1113,2025-02,1,0,38,0,1,0,1,100.0,38.0,,User 1113,Analyst,2022-07-04,UK,People
1113,2025-03,0,1,0,68,0,1,1,0.0,,68.0,User 1113,Analyst,2022-07-04,UK,People
1114,2024-10,0,6,0,375,0,6,6,0.0,,62.5,User 1114,Analyst,2022-04-05,US,Finance
1114,2024-11,0,2,0,156,0,2,2,0.0,,78.0,User 1114,Analyst,2022-04-05,US,Finance
1114,2025-01,2,1,89,43,2,1,3,66.66666666666666,44.5,43.0,User 1114,Analyst,2022-04-05,US,Finance
1114,2025-02,1,0,58,0,1,0,1,100.0,58.0,,User 1114,Analyst,2022-04-05,US,Finance
1114,2025-03,0,1,0,67,0,1,1,0.0,,67.0,User 1114,Analyst,2022-04-05,US,Finance
1115,2024-10,0,1,0,68,0,1,1,0.0,,68.0,User 1115,Executive,2021-05-24,US,Finance
1115,2024-11,0,4,0,293,0,4,4,0.0,,73.25,User 1115,Executive,2021-05-24,US,Finance
1115,2025-01,2,1,87,64,2,1,3,66.66666666666666,43.5,64.0,User 1115,Executive,2021-05-24,US,Finance
1115,2025-03,2,0,82,0,2,0,2,100.0,41.0,,User 1115,Executive,2021-05-24,US,Finance
1115,2025-04,1,0,40,0,1,0,1,100.0,40.0,,User 1115,Executive,2021-05-24,US,Finance
1116,2024-10,0,3,0,202,0,3,3,0.0,,67.33333333333333,User 1116,Executive,2022-03-09,UK,Sales
1116,2025-01,0,1,0,55,0,1,1,0.0,,55.0,User 1116,Executive,2022-03-09,UK,Sales
1116,2025-03,2,0,69,0,2,0,2,100.0,34.5,,User 1116,Executive,2022-03-09,UK,Sales
1116,2025-04,0,3,0,168,0,3,3,0.0,,56.0,User 1116,Executive,2022-03-09,UK,Sales
1117,2024-10,0,2,0,102,0,2,2,0.0,,51.0,User 1117,Manager,2021-07-07,US,Sales
1117,2024-11,0,2,0,141,0,2,2,0.0,,70.5,User 1117,Manager,2021-07-07,US,Sales
1117,2025-01,1,0,28,0,1,0,1,100.0,28.0,,User 1117,Manager,2021-07-07,US,Sales
1117,2025-02,0,1,0,63,0,1,1,0.0,,63.0,User 1117,Manager,2021-07-07,US,Sales
1117,2025-03,1,1,25,56,1,1,2,50.0,25.0,56.0,User 1117,Manager,2021-07-07,US,Sales
1117,2025-04,1,1,26,67,1,1,2,50.0,26.0,67.0,User 1117,Manager,2021-07-07,US,Sales
1118,2024-10,0,5,0,253,0,5,5,0.0,,50.6,User 1118,Analyst,2021-10-13,UK,Sales
1118,2024-11,0,3,0,193,0,3,3,0.0,,64.33333333333333,User 1118,Analyst,2021-10-13,UK,Sales
1118,2025-01,1,1,26,53,1,1,2,50.0,26.0,53.0,User 1118,Analyst,2021-10-13,UK,Sales
1118,2025-04,1,1,26,66,1,1,2,50.0,26.0,66.0,User 1118,Analyst,2021-10-13,UK,Sales
1119,2024-10,0,4,0,222,0,4,4,0.0,,55.5,User 1119,Executive,2022-04-19,EU,People
1119,2024-11,0,1,0,60,0,1,1,0.0,,60.0,User 1119,Executive,2022-04-19,EU,People
1119,2025-02,1,0,50,0,1,0,1,100.0,50.0,,User 1119,Executive,2022-04-19,EU,People
1119,2025-03,1,1,37,66,1,1,2,50.0,37.0,66.0,User 1119,Executive,2022-04-19,EU,People
1119,2025-04,1,1,38,62,1,1,2,50.0,38.0,62.0,User 1119,Executive,2022-04-19,EU,People
1120,2024-10,0,4,0,254,0,4,4,0.0,,63.5,User 1120,Manager,2021-09-13,UK,Sales
1120,2024-11,0,1,0,81,0,1,1,0.0,,81.0,User 1120,Manager,2021-09-13,UK,Sales
1120,2025-01,0,2,0,114,0,2,2,0.0,,57.0,User 1120,Manager,2021-09-13,UK,Sales
1120,2025-02,1,0,35,0,1,0,1,100.0,35.0,,User 1120,Manager,2021-09-13,UK,Sales
1120,2025-03,1,1,40,60,1,1,2,50.0,40.0,60.0,User 1120,Manager,2021-09-13,UK,Sales
1120,2025-04,1,1,34,54,1,1,2,50.0,34.0,54.0,User 1120,Manager,2021-09-13,UK,Sales
1121,2024-10,0,2,0,139,0,2,2,0.0,,69.5,User 1121,Manager,2023-06-15,EU,Finance
1121,2024-11,0,3,0,198,0,3,3,0.0,,66.0,User 1121,Manager,2023-06-15,EU,Finance
1121,2025-01,1,2,37,131,1,2,3,33.33333333333333,37.0,65.5,User 1121,Manager,2023-06-15,EU,Finance
1121,2025-02,2,0,85,0,2,0,2,100.0,42.5,,User 1121,Manager,2023-06-15,EU,Finance
1121,2025-03,1,2,25,107,1,2,3,33.33333333333333,25.0,53.5,User 1121,Manager,2023-06-15,EU,Finance
1122,2024-10,0,1,0,54,0,1,1,0.0,,54.0,User 1122,Executive,2023-08-04,UK,People
1122,2024-11,0,3,0,189,0,3,3,0.0,,63.0,User 1122,Executive,2023-08-04,UK,People
1122,2025-01,1,1,34,70,1,1,2,50.0,34.0,70.0,User 1122,Executive,2023-08-04,UK,People
1122,2025-02,1,1,37,69,1,1,2,50.0,37.0,69.0,User 1122,Executive,2023-08-04,UK,People
1122,2025-03,1,0,42,0,1,0,1,100.0,42.0,,User 1122,Executive,2023-08-04,UK,People
1122,2025-04,1,1,31,60,1,1,2,50.0,31.0,60.0,User 1122,Executive,2023-08-04,UK,People
1123,2024-10,0,2,0,101,0,2,2,0.0,,50.5,User 1123,Manager,2021-03-19,US,Finance
1123,2025-02,0,2,0,123,0,2,2,0.0,,61.5,User 1123,Manager,2021-03-19,US,Finance
1123,2025-03,1,1,32,70,1,1,2,50.0,32.0,70.0,User 1123,Manager,2021-03-19,US,Finance
1123,2025-04,1,0,35,0,1,0,1,100.0,35.0,,User 1123,Manager,2021-03-19,US,Finance
1124,2024-10,0,3,0,108,0,3,3,0.0,,36.0,User 1124,Analyst,2022-03-30,EU,Sales
1124,2024-11,0,2,0,105,0,2,2,0.0,,52.5,User 1124,Analyst,2022-03-30,EU,Sales
1124,2025-01,0,1,0,60,0,1,1,0.0,,60.0,User 1124,Analyst,2022-03-30,EU,Sales
1124,2025-03,0,1,0,57,0,1,1,0.0,,57.0,User 1124,Analyst,2022-03-30,EU,Sales
1124,2025-04,1,0,34,0,1,0,1,100.0,34.0,,User 1124,Analyst,2022-03-30,EU,Sales
1125,2024-10,0,3,0,213,0,3,3,0.0,,71.0,User 1125,Manager,2023-04-08,US,Finance
1125,2024-11,0,1,0,46,0,1,1,0.0,,46.0,User 1125,Manager,2023-04-08,US,Finance
1125,2025-01,2,1,58,47,2,1,3,66.66666666666666,29.0,47.0,User 1125,Manager,2023-04-08,US,Finance
1125,2025-02,2,1,78,63,2,1,3,66.66666666666666,39.0,63.0,User 1125,Manager,2023-04-08,US,Finance
1125,2025-03,1,0,38,0,1,0,1,100.0,38.0,,User 1125,Manager,2023-04-08,US,Finance
1126,2024-11,0,4,0,255,0,4,4,0.0,,63.75,User 1126,Analyst,2023-06-02,EU,Finance
1126,2025-01,0,2,0,100,0,2,2,0.0,,50.0,User 1126,Analyst,2023-06-02,EU,Finance
1126,2025-02,1,0,60,0,1,0,1,100.0,60.0,,User 1126,Analyst,2023-06-02,EU,Finance
1126,2025-03,0,2,0,113,0,2,2,0.0,,56.5,User 1126,Analyst,2023-06-02,EU,Finance
1127,2024-10,0,6,0,352,0,6,6,0.0,,58.666666666666664,User 1127,Analyst,2023-05-27,EU,Finance
1127,2024-11,0,2,0,136,0,2,2,0.0,,68.0,User 1127,Analyst,2023-05-27,EU,Finance
1127,2025-01,2,2,90,109,2,2,4,50.0,45.0,54.5,User 1127,Analyst,2023-05-27,EU,Finance
1127,2025-03,0,2,0,139,0,2,2,0.0,,69.5,User 1127,Analyst,2023-05-27,EU,Finance
1128,2024-10,0,1,0,62,0,1,1,0.0,,62.0,User 1128,Executive,2022-07-18,UK,Finance
1128,2024-11,0,8,0,436,0,8,8,0.0,,54.5,User 1128,Executive,2022-07-18,UK,Finance
1128,2025-01,1,0,37,0,1,0,1,100.0,37.0,,User 1128,Executive,2022-07-18,UK,Finance
1128,2025-03,0,1,0,60,0,1,1,0.0,,60.0,User 1128,Executive,2022-07-18,UK,Finance
1128,2025-04,0,2,0,103,0,2,2,0.0,,51.5,User 1128,Executive,2022-07-18,UK,Finance
1128,2025-05,0,1,0,68,0,1,1,0.0,,68.0,User 1128,Executive,2022-07-18,UK,Finance
1129,2024-10,0,3,0,193,0,3,3,0.0,,64.33333333333333,User 1129,Executive,2021-04-11,UK,People
1129,2024-11,0,4,0,289,0,4,4,0.0,,72.25,User 1129,Executive,2021-04-11,UK,People
1129,2025-01,2,0,104,0,2,0,2,100.0,52.0,,User 1129,Executive,2021-04-11,UK,People
1129,2025-02,1,1,40,60,1,1,2,50.0,40.0,60.0,User 1129,Executive,2021-04-11,UK,People
1129,2025-04,1,0,49,0,1,0,1,100.0,49.0,,User 1129,Executive,2021-04-11,UK,People
1130,2024-10,0,1,0,53,0,1,1,0.0,,53.0,User 1130,Executive,2021-02-21,UK,Sales
1130,2024-11,0,5,0,272,0,5,5,0.0,,54.4,User 1130,Executive,2021-02-21,UK,Sales
1130,2025-01,1,2,51,135,1,2,3,33.33333333333333,51.0,67.5,User 1130,Executive,2021-02-21,UK,Sales
1130,2025-02,0,1,0,65,0,1,1,0.0,,65.0,User 1130,Executive,2021-02-21,UK,Sales
1130,2025-04,1,0,35,0,1,0,1,100.0,35.0,,User 1130,Executive,2021-02-21,UK,Sales
1131,2024-10,0,2,0,99,0,2,2,0.0,,49.5,User 1131,Manager,2022-10-30,UK,Finance
1131,2024-11,0,1,0,68,0,1,1,0.0,,68.0,User 1131,Manager,2022-10-30,UK,Finance
1131,2025-01,1,0,25,0,1,0,1,100.0,25.0,,User 1131,Manager,2022-10-30,UK,Finance
1131,2025-03,2,1,97,41,2,1,3,66.66666666666666,48.5,41.0,User 1131,Manager,2022-10-30,UK,Finance
1131,2025-04,2,0,61,0,2,0,2,100.0,30.5,,User 1131,Manager,2022-10-30,UK,Finance
1132,2024-10,0,2,0,126,0,2,2,0.0,,63.0,User 1132,Executive,2022-07-08,US,Finance
1132,2025-01,1,0,42,0,1,0,1,100.0,42.0,,User 1132,Executive,2022-07-08,US,Finance
1132,2025-02,2,0,83,0,2,0,2,100.0,41.5,,User 1132,Executive,2022-07-08,US,Finance
1132,2025-03,3,0,146,0,3,0,3,100.0,48.666666666666664,,User 1132,Executive,2022-07-08,US,Finance
1132,2025-04,0,1,0,53,0,1,1,0.0,,53.0,User 1132,Executive,2022-07-08,US,Finance
1133,2024-10,0,2,0,109,0,2,2,0.0,,54.5,User 1133,Executive,2023-05-07,UK,Finance
1133,2024-11,0,1,0,48,0,1,1,0.0,,48.0,User 1133,Executive,2023-05-07,UK,Finance
1133,2025-01,1,0,35,0,1,0,1,100.0,35.0,,User 1133,Executive,2023-05-07,UK,Finance
1133,2025-03,0,1,0,56,0,1,1,0.0,,56.0,User 1133,Executive,2023-05-07,UK,Finance
1134,2024-10,0,2,0,114,0,2,2,0.0,,57.0,User 1134,Manager,2021-01-16,UK,Sales
1134,2024-11,0,1,0,60,0,1,1,0.0,,60.0,User 1134,Manager,2021-01-16,UK,Sales
1134,2025-03,1,0,57,0,1,0,1,100.0,57.0,,User 1134,Manager,2021-01-16,UK,Sales
1134,2025-04,1,2,34,124,1,2,3,33.33333333333333,34.0,62.0,User 1134,Manager,2021-01-16,UK,Sales
1135,2024-10,0,1,0,71,0,1,1,0.0,,71.0,User 1135,Executive,2023-09-20,EU,Sales
1135,2024-11,0,4,0,283,0,4,4,0.0,,70.75,User 1135,Executive,2023-09-20,EU,Sales
1135,2025-01,0,1,0,63,0,1,1,0.0,,63.0,User 1135,Executive,2023-09-20,EU,Sales
1135,2025-02,1,1,48,51,1,1,2,50.0,48.0,51.0,User 1135,Executive,2023-09-20,EU,Sales
1135,2025-03,1,1,41,53,1,1,2,50.0,41.0,53.0,User 1135,Executive,2023-09-20,EU,Sales
1136,2024-10,0,2,0,122,0,2,2,0.0,,61.0,User 1136,Manager,2021-04-06,US,Finance
1136,2024-11,0,1,0,60,0,1,1,0.0,,60.0,User 1136,Manager,2021-04-06,US,Finance
1136,2025-02,0,2,0,111,0,2,2,0.0,,55.5,User 1136,Manager,2021-04-06,US,Finance
1136,2025-04,1,1,35,64,1,1,2,50.0,35.0,64.0,User 1136,Manager,2021-04-06,US,Finance
1137,2024-10,0,4,0,284,0,4,4,0.0,,71.0,User 1137,Manager,2023-08-07,US,People
1137,2024-11,0,4,0,239,0,4,4,0.0,,59.75,User 1137,Manager,2023-08-07,US,People
1137,2025-03,2,2,80,125,2,2,4,50.0,40.0,62.5,User 1137,Manager,2023-08-07,US,People
1138,2024-10,0,5,0,243,0,5,5,0.0,,48.6,User 1138,Analyst,2023-02-11,EU,Finance
1138,2024-11,0,1,0,17,0,1,1,0.0,,17.0,User 1138,Analyst,2023-02-11,EU,Finance
1138,2025-02,1,0,42,0,1,0,1,100.0,42.0,,User 1138,Analyst,2023-02-11,EU,Finance
1138,2025-03,0,1,0,59,0,1,1,0.0,,59.0,User 1138,Analyst,2023-02-11,EU,Finance
1139,2024-10,0,2,0,139,0,2,2,0.0,,69.5,User 1139,Analyst,2023-05-20,EU,Sales
1139,2024-11,0,3,0,168,0,3,3,0.0,,56.0,User 1139,Analyst,2023-05-20,EU,Sales
1139,2025-01,1,3,34,170,1,3,4,25.0,34.0,56.666666666666664,User 1139,Analyst,2023-05-20,EU,Sales
1139,2025-04,1,0,40,0,1,0,1,100.0,40.0,,User 1139,Analyst,2023-05-20,EU,Sales
1140,2024-10,0,1,0,46,0,1,1,0.0,,46.0,User 1140,Executive,2021-08-31,UK,Finance
1140,2025-01,0,1,0,61,0,1,1,0.0,,61.0,User 1140,Executive,2021-08-31,UK,Finance
1140,2025-03,1,0,46,0,1,0,1,100.0,46.0,,User 1140,Executive,2021-08-31,UK,Finance
1140,2025-04,0,2,0,100,0,2,2,0.0,,50.0,User 1140,Executive,2021-08-31,UK,Finance
1141,2024-10,0,1,0,55,0,1,1,0.0,,55.0,User 1141,Manager,2021-06-20,US,Finance
1141,2024-11,0,2,0,123,0,2,2,0.0,,61.5,User 1141,Manager,2021-06-20,US,Finance
1141,2025-02,0,2,0,119,0,2,2,0.0,,59.5,User 1141,Manager,2021-06-20,US,Finance
1142,2024-10,0,4,0,249,0,4,4,0.0,,62.25,User 1142,Analyst,2022-02-21,UK,Finance
1142,2025-02,2,0,76,0,2,0,2,100.0,38.0,,User 1142,Analyst,2022-02-21,UK,Finance
1142,2025-04,0,1,0,50,0,1,1,0.0,,50.0,User 1142,Analyst,2022-02-21,UK,Finance
1143,2024-10,0,1,0,52,0,1,1,0.0,,52.0,User 1143,Analyst,2022-05-13,EU,Sales
1143,2024-11,0,5,0,277,0,5,5,0.0,,55.4,User 1143,Analyst,2022-05-13,EU,Sales
1143,2025-01,1,2,36,131,1,2,3,33.33333333333333,36.0,65.5,User 1143,Analyst,2022-05-13,EU,Sales
1143,2025-02,0,1,0,52,0,1,1,0.0,,52.0,User 1143,Analyst,2022-05-13,EU,Sales
1143,2025-04,0,4,0,230,0,4,4,0.0,,57.5,User 1143,Analyst,2022-05-13,EU,Sales
1143,2025-05,0,1,0,65,0,1,1,0.0,,65.0,User 1143,Analyst,2022-05-13,EU,Sales
1144,2024-10,0,7,0,380,0,7,7,0.0,,54.285714285714285,User 1144,Analyst,2022-05-08,UK,People
1144,2024-11,0,4,0,257,0,4,4,0.0,,64.25,User 1144,Analyst,2022-05-08,UK,People
1144,2025-02,0,1,0,76,0,1,1,0.0,,76.0,User 1144,Analyst,2022-05-08,UK,People
1144,2025-03,0,3,0,168,0,3,3,0.0,,56.0,User 1144,Analyst,2022-05-08,UK,People
1145,2024-10,0,3,0,153,0,3,3,0.0,,51.0,User 1145,Analyst,2021-08-07,US,Finance
1145,2024-11,0,1,0,85,0,1,1,0.0,,85.0,User 1145,Analyst,2021-08-07,US,Finance
1145,2025-01,3,0,136,0,3,0,3,100.0,45.333333333333336,,User 1145,Analyst,2021-08-07,US,Finance
1145,2025-03,1,1,70,62,1,1,2,50.0,70.0,62.0,User 1145,Analyst,2021-08-07,US,Finance
1145,2025-04,1,1,44,70,1,1,2,50.0,44.0,70.0,User 1145,Analyst,2021-08-07,US,Finance
1146,2024-10,0,5,0,289,0,5,5,0.0,,57.8,User 1146,Executive,2023-06-05,UK,People
1146,2024-11,0,3,0,252,0,3,3,0.0,,84.0,User 1146,Executive,2023-06-05,UK,People
1146,2025-01,0,1,0,39,0,1,1,0.0,,39.0,User 1146,Executive,2023-06-05,UK,People
1146,2025-02,2,0,62,0,2,0,2,100.0,31.0,,User 1146,Executive,2023-06-05,UK,People
1146,2025-03,2,1,68,59,2,1,3,66.66666666666666,34.0,59.0,User 1146,Executive,2023-06-05,UK,People
1146,2025-04,0,1,0,56,0,1,1,0.0,,56.0,User 1146,Executive,2023-06-05,UK,People
1147,2024-10,0,4,0,254,0,4,4,0.0,,63.5,User 1147,Analyst,2022-02-15,US,People
1147,2024-11,0,3,0,141,0,3,3,0.0,,47.0,User 1147,Analyst,2022-02-15,US,People
1147,2025-01,2,0,94,0,2,0,2,100.0,47.0,,User 1147,Analyst,2022-02-15,US,People
1147,2025-02,1,0,44,0,1,0,1,100.0,44.0,,User 1147,Analyst,2022-02-15,US,People
1147,2025-04,0,1,0,56,0,1,1,0.0,,56.0,User 1147,Analyst,2022-02-15,US,People
1148,2024-10,0,2,0,121,0,2,2,0.0,,60.5,User 1148,Executive,2023-07-14,UK,People
1148,2024-11,0,3,0,217,0,3,3,0.0,,72.33333333333333,User 1148,Executive,2023-07-14,UK,People
1148,2025-01,1,0,43,0,1,0,1,100.0,43.0,,User 1148,Executive,2023-07-14,UK,People
1148,2025-02,1,1,41,42,1,1,2,50.0,41.0,42.0,User 1148,Executive,2023-07-14,UK,People
1148,2025-03,0,1,0,47,0,1,1,0.0,,47.0,User 1148,Executive,2023-07-14,UK,People
1148,2025-04,1,0,49,0,1,0,1,100.0,49.0,,User 1148,Executive,2023-07-14,UK,People
1149,2024-10,0,3,0,201,0,3,3,0.0,,67.0,User 1149,Manager,2021-03-02,UK,Finance
1149,2024-11,0,5,0,276,0,5,5,0.0,,55.2,User 1149,Manager,2021-03-02,UK,Finance
1149,2025-02,0,1,0,55,0,1,1,0.0,,55.0,User 1149,Manager,2021-03-02,UK,Finance
1149,2025-04,0,1,0,75,0,1,1,0.0,,75.0,User 1149,Manager,2021-03-02,UK,Finance
1150,2024-10,0,3,0,177,0,3,3,0.0,,59.0,User 1150,Executive,2021-06-18,US,Sales
1150,2024-11,0,2,0,108,0,2,2,0.0,,54.0,User 1150,Executive,2021-06-18,US,Sales
1150,2025-02,0,1,0,45,0,1,1,0.0,,45.0,User 1150,Executive,2021-06-18,US,Sales
1150,2025-03,0,1,0,70,0,1,1,0.0,,70.0,User 1150,Executive,2021-06-18,US,Sales
1150,2025-04,2,1,73,59,2,1,3,66.66666666666666,36.5,59.0,User 1150,Executive,2021-06-18,US,Sales
1151,2024-10,0,2,0,81,0,2,2,0.0,,40.5,User 1151,Analyst,2022-01-24,US,Finance
1151,2024-11,0,1,0,43,0,1,1,0.0,,43.0,User 1151,Analyst,2022-01-24,US,Finance
1151,2025-01,1,0,46,0,1,0,1,100.0,46.0,,User 1151,Analyst,2022-01-24,US,Finance
1151,2025-02,0,2,0,128,0,2,2,0.0,,64.0,User 1151,Analyst,2022-01-24,US,Finance
1151,2025-03,1,0,44,0,1,0,1,100.0,44.0,,User 1151,Analyst,2022-01-24,US,Finance
1152,2024-10,0,4,0,234,0,4,4,0.0,,58.5,User 1152,Manager,2021-01-03,US,Sales
1152,2024-11,0,5,0,313,0,5,5,0.0,,62.6,User 1152,Manager,2021-01-03,US,Sales
1152,2025-04,2,1,78,57,2,1,3,66.66666666666666,39.0,57.0,User 1152,Manager,2021-01-03,US,Sales
1153,2024-10,0,4,0,265,0,4,4,0.0,,66.25,User 1153,Manager,2022-02-04,UK,People
1153,2024-11,0,4,0,199,0,4,4,0.0,,49.75,User 1153,Manager,2022-02-04,UK,People
1153,2025-01,0,1,0,82,0,1,1,0.0,,82.0,User 1153,Manager,2022-02-04,UK,People
1153,2025-02,1,1,26,53,1,1,2,50.0,26.0,53.0,User 1153,Manager,2022-02-04,UK,People
1153,2025-03,2,1,56,68,2,1,3,66.66666666666666,28.0,68.0,User 1153,Manager,2022-02-04,UK,People
1153,2025-04,0,1,0,45,0,1,1,0.0,,45.0,User 1153,Manager,2022-02-04,UK,People
1154,2024-10,0,1,0,30,0,1,1,0.0,,30.0,User 1154,Executive,2021-09-29,UK,Finance
1154,2024-11,0,2,0,119,0,2,2,0.0,,59.5,User 1154,Executive,2021-09-29,UK,Finance
1154,2025-01,0,1,0,48,0,1,1,0.0,,48.0,User 1154,Executive,2021-09-29,UK,Finance
1154,2025-02,0,1,0,71,0,1,1,0.0,,71.0,User 1154,Executive,2021-09-29,UK,Finance
1154,2025-03,0,1,0,54,0,1,1,0.0,,54.0,User 1154,Executive,2021-09-29,UK,Finance
1154,2025-04,1,0,42,0,1,0,1,100.0,42.0,,User 1154,Executive,2021-09-29,UK,Finance
1155,2024-10,0,4,0,252,0,4,4,0.0,,63.0,User 1155,Manager,2023-08-07,UK,People
1155,2025-01,0,1,0,47,0,1,1,0.0,,47.0,User 1155,Manager,2023-08-07,UK,People
1155,2025-03,0,1,0,76,0,1,1,0.0,,76.0,User 1155,Manager,2023-08-07,UK,People
1155,2025-04,0,1,0,69,0,1,1,0.0,,69.0,User 1155,Manager,2023-08-07,UK,People
1156,2024-10,0,2,0,126,0,2,2,0.0,,63.0,User 1156,Executive,2023-03-14,EU,Finance
1156,2024-11,0,2,0,105,0,2,2,0.0,,52.5,User 1156,Executive,2023-03-14,EU,Finance
1156,2025-02,0,1,0,53,0,1,1,0.0,,53.0,User 1156,Executive,2023-03-14,EU,Finance
1156,2025-04,0,3,0,175,0,3,3,0.0,,58.333333333333336,User 1156,Executive,2023-03-14,EU,Finance
1157,2024-10,0,2,0,147,0,2,2,0.0,,73.5,User 1157,Manager,2023-03-15,UK,Sales
1157,2024-11,0,4,0,257,0,4,4,0.0,,64.25,User 1157,Manager,2023-03-15,UK,Sales
1157,2025-01,1,1,63,54,1,1,2,50.0,63.0,54.0,User 1157,Manager,2023-03-15,UK,Sales
1157,2025-02,0,3,0,184,0,3,3,0.0,,61.333333333333336,User 1157,Manager,2023-03-15,UK,Sales
1157,2025-04,0,1,0,63,0,1,1,0.0,,63.0,User 1157,Manager,2023-03-15,UK,Sales
1158,2024-10,0,4,0,230,0,4,4,0.0,,57.5,User 1158,Executive,2022-04-11,US,Sales
1158,2024-11,0,2,0,130,0,2,2,0.0,,65.0,User 1158,Executive,2022-04-11,US,Sales
1158,2025-01,1,0,32,0,1,0,1,100.0,32.0,,User 1158,Executive,2022-04-11,US,Sales
1158,2025-02,1,0,27,0,1,0,1,100.0,27.0,,User 1158,Executive,2022-04-11,US,Sales
1158,2025-03,2,0,79,0,2,0,2,100.0,39.5,,User 1158,Executive,2022-04-11,US,Sales
1159,2024-10,0,2,0,131,0,2,2,0.0,,65.5,User 1159,Analyst,2021-10-20,US,Finance
1159,2024-11,0,4,0,263,0,4,4,0.0,,65.75,User 1159,Analyst,2021-10-20,US,Finance
1159,2025-02,0,2,0,139,0,2,2,0.0,,69.5,User 1159,Analyst,2021-10-20,US,Finance
1159,2025-03,0,1,0,72,0,1,1,0.0,,72.0,User 1159,Analyst,2021-10-20,US,Finance
1159,2025-04,2,0,77,0,2,0,2,100.0,38.5,,User 1159,Analyst,2021-10-20,US,Finance
1160,2024-10,0,2,0,122,0,2,2,0.0,,61.0,User 1160,Executive,2022-03-10,US,Sales
1160,2024-11,0,1,0,55,0,1,1,0.0,,55.0,User 1160,Executive,2022-03-10,US,Sales
1160,2025-01,0,1,0,66,0,1,1,0.0,,66.0,User 1160,Executive,2022-03-10,US,Sales
1160,2025-02,0,1,0,45,0,1,1,0.0,,45.0,User 1160,Executive,2022-03-10,US,Sales
1160,2025-04,1,0,45,0,1,0,1,100.0,45.0,,User 1160,Executive,2022-03-10,US,Sales
1161,2024-10,0,6,0,356,0,6,6,0.0,,59.333333333333336,User 1161,Executive,2022-12-15,UK,Finance
1161,2024-11,0,3,0,189,0,3,3,0.0,,63.0,User 1161,Executive,2022-12-15,UK,Finance
1161,2025-02,3,0,112,0,3,0,3,100.0,37.333333333333336,,User 1161,Executive,2022-12-15,UK,Finance
1162,2024-10,0,2,0,110,0,2,2,0.0,,55.0,User 1162,Analyst,2023-09-08,US,Finance
1162,2024-11,0,1,0,62,0,1,1,0.0,,62.0,User 1162,Analyst,2023-09-08,US,Finance
1162,2025-01,0,1,0,56,0,1,1,0.0,,56.0,User 1162,Analyst,2023-09-08,US,Finance
1162,2025-03,1,2,28,109,1,2,3,33.33333333333333,28.0,54.5,User 1162,Analyst,2023-09-08,US,Finance
1162,2025-04,2,1,95,55,2,1,3,66.66666666666666,47.5,55.0,User 1162,Analyst,2023-09-08,US,Finance
1163,2024-10,0,1,0,35,0,1,1,0.0,,35.0,User 1163,Executive,2023-01-19,US,Finance
1163,2024-11,0,3,0,194,0,3,3,0.0,,64.66666666666667,User 1163,Executive,2023-01-19,US,Finance
1163,2025-02,1,1,37,52,1,1,2,50.0,37.0,52.0,User 1163,Executive,2023-01-19,US,Finance
1163,2025-03,1,3,13,172,1,3,4,25.0,13.0,57.333333333333336,User 1163,Executive,2023-01-19,US,Finance
1163,2025-04,2,1,91,47,2,1,3,66.66666666666666,45.5,47.0,User 1163,Executive,2023-01-19,US,Finance
1164,2024-10,0,1,0,64,0,1,1,0.0,,64.0,User 1164,Executive,2023-03-14,EU,Sales
1164,2024-11,0,6,0,377,0,6,6,0.0,,62.833333333333336,User 1164,Executive,2023-03-14,EU,Sales
1164,2025-02,2,1,77,66,2,1,3,66.66666666666666,38.5,66.0,User 1164,Executive,2023-03-14,EU,Sales
1164,2025-03,2,1,74,59,2,1,3,66.66666666666666,37.0,59.0,User 1164,Executive,2023-03-14,EU,Sales
1165,2024-10,0,2,0,159,0,2,2,0.0,,79.5,User 1165,Manager,2022-07-24,EU,Finance
1165,2024-11,0,1,0,49,0,1,1,0.0,,49.0,User 1165,Manager,2022-07-24,EU,Finance
1165,2025-02,0,2,0,127,0,2,2,0.0,,63.5,User 1165,Manager,2022-07-24,EU,Finance
1165,2025-03,1,2,49,108,1,2,3,33.33333333333333,49.0,54.0,User 1165,Manager,2022-07-24,EU,Finance
1165,2025-04,1,0,46,0,1,0,1,100.0,46.0,,User 1165,Manager,2022-07-24,EU,Finance
1166,2024-10,0,4,0,228,0,4,4,0.0,,57.0,User 1166,Executive,2022-11-09,US,Finance
1166,2024-11,0,2,0,165,0,2,2,0.0,,82.5,User 1166,Executive,2022-11-09,US,Finance
1166,2025-01,0,1,0,67,0,1,1,0.0,,67.0,User 1166,Executive,2022-11-09,US,Finance
1166,2025-02,1,0,46,0,1,0,1,100.0,46.0,,User 1166,Executive,2022-11-09,US,Finance
1166,2025-03,0,1,0,54,0,1,1,0.0,,54.0,User 1166,Executive,2022-11-09,US,Finance
1166,2025-04,1,1,48,81,1,1,2,50.0,48.0,81.0,User 1166,Executive,2022-11-09,US,Finance
1167,2024-10,0,2,0,107,0,2,2,0.0,,53.5,User 1167,Manager,2023-01-06,EU,Finance
1167,2025-01,1,1,27,74,1,1,2,50.0,27.0,74.0,User 1167,Manager,2023-01-06,EU,Finance
1167,2025-02,0,1,0,66,0,1,1,0.0,,66.0,User 1167,Manager,2023-01-06,EU,Finance
1167,2025-03,1,0,32,0,1,0,1,100.0,32.0,,User 1167,Manager,2023-01-06,EU,Finance
1167,2025-04,1,1,21,64,1,1,2,50.0,21.0,64.0,User 1167,Manager,2023-01-06,EU,Finance
1168,2024-10,0,2,0,93,0,2,2,0.0,,46.5,User 1168,Analyst,2022-05-14,EU,Finance
1168,2024-11,0,2,0,116,0,2,2,0.0,,58.0,User 1168,Analyst,2022-05-14,EU,Finance
1168,2025-01,1,0,47,0,1,0,1,100.0,47.0,,User 1168,Analyst,2022-05-14,EU,Finance
1168,2025-02,1,0,41,0,1,0,1,100.0,41.0,,User 1168,Analyst,2022-05-14,EU,Finance
1168,2025-03,1,2,36,126,1,2,3,33.33333333333333,36.0,63.0,User 1168,Analyst,2022-05-14,EU,Finance
1168,2025-04,2,0,69,0,2,0,2,100.0,34.5,,User 1168,Analyst,2022-05-14,EU,Finance
1169,2024-10,0,5,0,290,0,5,5,0.0,,58.0,User 1169,Manager,2021-06-08,US,Finance
1169,2024-11,0,3,0,186,0,3,3,0.0,,62.0,User 1169,Manager,2021-06-08,US,Finance
1169,2025-01,1,2,42,118,1,2,3,33.33333333333333,42.0,59.0,User 1169,Manager,2021-06-08,US,Finance
1169,2025-02,1,0,37,0,1,0,1,100.0,37.0,,User 1169,Manager,2021-06-08,US,Finance
1169,2025-03,0,1,0,70,0,1,1,0.0,,70.0,User 1169,Manager,2021-06-08,US,Finance
1169,2025-04,0,3,0,188,0,3,3,0.0,,62.666666666666664,User 1169,Manager,2021-06-08,US,Finance
1170,2024-10,0,1,0,44,0,1,1,0.0,,44.0,User 1170,Manager,2021-07-14,UK,Sales
1170,2024-11,0,5,0,329,0,5,5,0.0,,65.8,User 1170,Manager,2021-07-14,UK,Sales
1170,2025-01,2,0,89,0,2,0,2,100.0,44.5,,User 1170,Manager,2021-07-14,UK,Sales
1170,2025-02,1,0,40,0,1,0,1,100.0,40.0,,User 1170,Manager,2021-07-14,UK,Sales
1170,2025-03,1,1,36,57,1,1,2,50.0,36.0,57.0,User 1170,Manager,2021-07-14,UK,Sales
1170,2025-04,1,1,43,56,1,1,2,50.0,43.0,56.0,User 1170,Manager,2021-07-14,UK,Sales
1171,2024-10,0,2,0,108,0,2,2,0.0,,54.0,User 1171,Analyst,2021-10-31,UK,Sales
1171,2024-11,0,2,0,112,0,2,2,0.0,,56.0,User 1171,Analyst,2021-10-31,UK,Sales
1171,2025-02,0,1,0,68,0,1,1,0.0,,68.0,User 1171,Analyst,2021-10-31,UK,Sales
1171,2025-03,0,2,0,118,0,2,2,0.0,,59.0,User 1171,Analyst,2021-10-31,UK,Sales
1171,2025-04,0,1,0,49,0,1,1,0.0,,49.0,User 1171,Analyst,2021-10-31,UK,Sales
1172,2024-10,0,3,0,178,0,3,3,0.0,,59.333333333333336,User 1172,Manager,2021-08-11,US,Finance
1172,2024-11,0,1,0,63,0,1,1,0.0,,63.0,User 1172,Manager,2021-08-11,US,Finance
1172,2025-01,0,1,0,54,0,1,1,0.0,,54.0,User 1172,Manager,2021-08-11,US,Finance
1172,2025-02,2,0,78,0,2,0,2,100.0,39.0,,User 1172,Manager,2021-08-11,US,Finance
1172,2025-03,1,0,46,0,1,0,1,100.0,46.0,,User 1172,Manager,2021-08-11,US,Finance
1172,2025-04,0,1,0,63,0,1,1,0.0,,63.0,User 1172,Manager,2021-08-11,US,Finance
1173,2024-10,0,5,0,281,0,5,5,0.0,,56.2,User 1173,Analyst,2023-09-19,UK,Sales
1173,2024-11,0,6,0,400,0,6,6,0.0,,66.66666666666667,User 1173,Analyst,2023-09-19,UK,Sales
1173,2025-02,0,2,0,124,0,2,2,0.0,,62.0,User 1173,Analyst,2023-09-19,UK,Sales
1173,2025-03,0,1,0,64,0,1,1,0.0,,64.0,User 1173,Analyst,2023-09-19,UK,Sales
1173,2025-04,2,0,96,0,2,0,2,100.0,48.0,,User 1173,Analyst,2023-09-19,UK,Sales
1174,2024-10,0,4,0,259,0,4,4,0.0,,64.75,User 1174,Executive,2021-03-01,EU,People
1174,2024-11,0,3,0,234,0,3,3,0.0,,78.0,User 1174,Executive,2021-03-01,EU,People
1174,2025-03,3,1,121,66,3,1,4,75.0,40.333333333333336,66.0,User 1174,Executive,2021-03-01,EU,People
1174,2025-04,0,1,0,65,0,1,1,0.0,,65.0,User 1174,Executive,2021-03-01,EU,People
1175,2024-10,0,4,0,249,0,4,4,0.0,,62.25,User 1175,Executive,2022-08-17,US,Sales
1175,2025-01,1,0,55,0,1,0,1,100.0,55.0,,User 1175,Executive,2022-08-17,US,Sales
1175,2025-02,1,0,50,0,1,0,1,100.0,50.0,,User 1175,Executive,2022-08-17,US,Sales
1175,2025-03,1,1,34,58,1,1,2,50.0,34.0,58.0,User 1175,Executive,2022-08-17,US,Sales
1175,2025-04,1,1,65,61,1,1,2,50.0,65.0,61.0,User 1175,Executive,2022-08-17,US,Sales
1176,2024-10,0,5,0,371,0,5,5,0.0,,74.2,User 1176,Manager,2023-01-24,UK,People
1176,2024-11,0,3,0,189,0,3,3,0.0,,63.0,User 1176,Manager,2023-01-24,UK,People
1176,2025-01,0,1,0,48,0,1,1,0.0,,48.0,User 1176,Manager,2023-01-24,UK,People
1176,2025-02,0,1,0,64,0,1,1,0.0,,64.0,User 1176,Manager,2023-01-24,UK,People
1176,2025-04,1,2,41,133,1,2,3,33.33333333333333,41.0,66.5,User 1176,Manager,2023-01-24,UK,People
1177,2024-10,0,3,0,188,0,3,3,0.0,,62.666666666666664,User 1177,Executive,2022-07-10,UK,People
1177,2024-11,0,3,0,108,0,3,3,0.0,,36.0,User 1177,Executive,2022-07-10,UK,People
1177,2025-01,0,1,0,67,0,1,1,0.0,,67.0,User 1177,Executive,2022-07-10,UK,People
1177,2025-02,1,0,39,0,1,0,1,100.0,39.0,,User 1177,Executive,2022-07-10,UK,People
1177,2025-03,0,2,0,93,0,2,2,0.0,,46.5,User 1177,Executive,2022-07-10,UK,People
1177,2025-04,0,1,0,71,0,1,1,0.0,,71.0,User 1177,Executive,2022-07-10,UK,People
1178,2024-10,0,3,0,154,0,3,3,0.0,,51.333333333333336,User 1178,Analyst,2021-03-04,EU,Finance
1178,2024-11,0,5,0,363,0,5,5,0.0,,72.6,User 1178,Analyst,2021-03-04,EU,Finance
1178,2025-01,1,0,25,0,1,0,1,100.0,25.0,,User 1178,Analyst,2021-03-04,EU,Finance
1178,2025-02,2,0,81,0,2,0,2,100.0,40.5,,User 1178,Analyst,2021-03-04,EU,Finance
1178,2025-03,1,3,25,141,1,3,4,25.0,25.0,47.0,User 1178,Analyst,2021-03-04,EU,Finance
1179,2024-10,0,4,0,219,0,4,4,0.0,,54.75,User 1179,Executive,2023-02-05,US,Finance
1179,2024-11,0,2,0,135,0,2,2,0.0,,67.5,User 1179,Executive,2023-02-05,US,Finance
1179,2025-01,2,1,63,67,2,1,3,66.66666666666666,31.5,67.0,User 1179,Executive,2023-02-05,US,Finance
1180,2024-10,0,1,0,64,0,1,1,0.0,,64.0,User 1180,Analyst,2021-11-18,US,Finance
1180,2024-11,0,2,0,127,0,2,2,0.0,,63.5,User 1180,Analyst,2021-11-18,US,Finance
1180,2025-01,0,1,0,73,0,1,1,0.0,,73.0,User 1180,Analyst,2021-11-18,US,Finance
1180,2025-03,1,0,33,0,1,0,1,100.0,33.0,,User 1180,Analyst,2021-11-18,US,Finance
1180,2025-04,3,0,112,0,3,0,3,100.0,37.333333333333336,,User 1180,Analyst,2021-11-18,US,Finance
1181,2024-10,0,6,0,382,0,6,6,0.0,,63.666666666666664,User 1181,Executive,2021-02-28,EU,Sales
1181,2024-11,0,4,0,198,0,4,4,0.0,,49.5,User 1181,Executive,2021-02-28,EU,Sales
1181,2025-01,1,2,55,102,1,2,3,33.33333333333333,55.0,51.0,User 1181,Executive,2021-02-28,EU,Sales
1181,2025-03,1,1,36,76,1,1,2,50.0,36.0,76.0,User 1181,Executive,2021-02-28,EU,Sales
1181,2025-04,2,0,73,0,2,0,2,100.0,36.5,,User 1181,Executive,2021-02-28,EU,Sales
1182,2024-10,0,5,0,327,0,5,5,0.0,,65.4,User 1182,Manager,2021-02-21,US,Finance
1182,2024-11,0,1,0,54,0,1,1,0.0,,54.0,User 1182,Manager,2021-02-21,US,Finance
1182,2025-01,1,1,56,50,1,1,2,50.0,56.0,50.0,User 1182,Manager,2021-02-21,US,Finance
1182,2025-02,1,1,31,70,1,1,2,50.0,31.0,70.0,User 1182,Manager,2021-02-21,US,Finance
1182,2025-03,1,0,30,0,1,0,1,100.0,30.0,,User 1182,Manager,2021-02-21,US,Finance
1182,2025-04,1,1,61,59,1,1,2,50.0,61.0,59.0,User 1182,Manager,2021-02-21,US,Finance
1182,2025-05,0,1,0,56,0,1,1,0.0,,56.0,User 1182,Manager,2021-02-21,US,Finance
1183,2024-10,0,4,0,268,0,4,4,0.0,,67.0,User 1183,Executive,2022-08-22,US,People
1183,2024-11,0,2,0,101,0,2,2,0.0,,50.5,User 1183,Executive,2022-08-22,US,People
1183,2025-01,1,2,56,148,1,2,3,33.33333333333333,56.0,74.0,User 1183,Executive,2022-08-22,US,People
1183,2025-02,0,2,0,124,0,2,2,0.0,,62.0,User 1183,Executive,2022-08-22,US,People
1183,2025-04,0,1,0,71,0,1,1,0.0,,71.0,User 1183,Executive,2022-08-22,US,People
1184,2024-11,0,3,0,173,0,3,3,0.0,,57.666666666666664,User 1184,Executive,2022-05-04,EU,Sales
1184,2025-01,1,1,41,63,1,1,2,50.0,41.0,63.0,User 1184,Executive,2022-05-04,EU,Sales
1184,2025-02,0,1,0,56,0,1,1,0.0,,56.0,User 1184,Executive,2022-05-04,EU,Sales
1186,2024-10,0,3,0,204,0,3,3,0.0,,68.0,User 1186,Analyst,2023-07-31,UK,Finance
1186,2024-11,0,2,0,84,0,2,2,0.0,,42.0,User 1186,Analyst,2023-07-31,UK,Finance
1186,2025-01,0,1,0,55,0,1,1,0.0,,55.0,User 1186,Analyst,2023-07-31,UK,Finance
1186,2025-02,1,0,43,0,1,0,1,100.0,43.0,,User 1186,Analyst,2023-07-31,UK,Finance
1186,2025-04,1,1,33,60,1,1,2,50.0,33.0,60.0,User 1186,Analyst,2023-07-31,UK,Finance
1187,2024-10,0,2,0,109,0,2,2,0.0,,54.5,User 1187,Analyst,2023-05-24,US,Finance
1187,2024-11,0,5,0,245,0,5,5,0.0,,49.0,User 1187,Analyst,2023-05-24,US,Finance
1187,2025-01,1,0,40,0,1,0,1,100.0,40.0,,User 1187,Analyst,2023-05-24,US,Finance
1187,2025-02,1,0,40,0,1,0,1,100.0,40.0,,User 1187,Analyst,2023-05-24,US,Finance
1188,2024-10,0,4,0,215,0,4,4,0.0,,53.75,User 1188,Manager,2022-06-28,EU,People
1188,2024-11,0,2,0,155,0,2,2,0.0,,77.5,User 1188,Manager,2022-06-28,EU,People
1188,2025-01,1,1,50,57,1,1,2,50.0,50.0,57.0,User 1188,Manager,2022-06-28,EU,People
1188,2025-03,0,3,0,150,0,3,3,0.0,,50.0,User 1188,Manager,2022-06-28,EU,People
1188,2025-04,1,1,31,65,1,1,2,50.0,31.0,65.0,User 1188,Manager,2022-06-28,EU,People
1189,2024-10,0,3,0,177,0,3,3,0.0,,59.0,User 1189,Analyst,2021-06-11,UK,Finance
1189,2024-11,0,4,0,225,0,4,4,0.0,,56.25,User 1189,Analyst,2021-06-11,UK,Finance
1189,2025-02,2,1,82,55,2,1,3,66.66666666666666,41.0,55.0,User 1189,Analyst,2021-06-11,UK,Finance
1189,2025-03,0,1,0,63,0,1,1,0.0,,63.0,User 1189,Analyst,2021-06-11,UK,Finance
1189,2025-04,0,1,0,62,0,1,1,0.0,,62.0,User 1189,Analyst,2021-06-11,UK,Finance
1190,2024-10,0,1,0,57,0,1,1,0.0,,57.0,User 1190,Executive,2021-02-28,US,Finance
1190,2024-11,0,2,0,120,0,2,2,0.0,,60.0,User 1190,Executive,2021-02-28,US,Finance
1190,2025-03,1,2,29,87,1,2,3,33.33333333333333,29.0,43.5,User 1190,Executive,2021-02-28,US,Finance
1191,2024-10,0,3,0,178,0,3,3,0.0,,59.333333333333336,User 1191,Executive,2023-09-11,UK,People
1191,2024-11,0,2,0,118,0,2,2,0.0,,59.0,User 1191,Executive,2023-09-11,UK,People
1191,2025-01,2,0,89,0,2,0,2,100.0,44.5,,User 1191,Executive,2023-09-11,UK,People
1191,2025-02,1,0,42,0,1,0,1,100.0,42.0,,User 1191,Executive,2023-09-11,UK,People
1192,2024-11,0,4,0,240,0,4,4,0.0,,60.0,User 1192,Analyst,2022-06-05,EU,Finance
1192,2025-01,0,1,0,57,0,1,1,0.0,,57.0,User 1192,Analyst,2022-06-05,EU,Finance
1192,2025-04,1,0,38,0,1,0,1,100.0,38.0,,User 1192,Analyst,2022-06-05,EU,Finance
1193,2024-10,0,1,0,68,0,1,1,0.0,,68.0,User 1193,Executive,2021-03-24,US,Sales
1193,2024-11,0,3,0,205,0,3,3,0.0,,68.33333333333333,User 1193,Executive,2021-03-24,US,Sales
1193,2025-01,1,0,29,0,1,0,1,100.0,29.0,,User 1193,Executive,2021-03-24,US,Sales
1193,2025-02,1,0,56,0,1,0,1,100.0,56.0,,User 1193,Executive,2021-03-24,US,Sales
1193,2025-03,1,1,33,65,1,1,2,50.0,33.0,65.0,User 1193,Executive,2021-03-24,US,Sales
1193,2025-04,1,1,28,45,1,1,2,50.0,28.0,45.0,User 1193,Executive,2021-03-24,US,Sales
1194,2024-10,0,2,0,158,0,2,2,0.0,,79.0,User 1194,Manager,2023-05-22,UK,People
1194,2024-11,0,2,0,136,0,2,2,0.0,,68.0,User 1194,Manager,2023-05-22,UK,People
1194,2025-01,0,1,0,81,0,1,1,0.0,,81.0,User 1194,Manager,2023-05-22,UK,People
1194,2025-03,1,1,54,75,1,1,2,50.0,54.0,75.0,User 1194,Manager,2023-05-22,UK,People
1194,2025-04,1,0,54,0,1,0,1,100.0,54.0,,User 1194,Manager,2023-05-22,UK,People
1195,2025-02,1,0,49,0,1,0,1,100.0,49.0,,User 1195,Manager,2021-07-10,EU,People
1195,2025-03,1,0,34,0,1,0,1,100.0,34.0,,User 1195,Manager,2021-07-10,EU,People
1195,2025-04,1,1,50,59,1,1,2,50.0,50.0,59.0,User 1195,Manager,2021-07-10,EU,People
1196,2024-10,0,2,0,92,0,2,2,0.0,,46.0,User 1196,Analyst,2021-03-12,EU,People
1196,2024-11,0,4,0,272,0,4,4,0.0,,68.0,User 1196,Analyst,2021-03-12,EU,People
1196,2025-03,1,1,26,45,1,1,2,50.0,26.0,45.0,User 1196,Analyst,2021-03-12,EU,People
1196,2025-04,1,0,46,0,1,0,1,100.0,46.0,,User 1196,Analyst,2021-03-12,EU,People
1197,2024-10,0,3,0,172,0,3,3,0.0,,57.333333333333336,User 1197,Analyst,2022-09-02,EU,People
1197,2024-11,0,3,0,186,0,3,3,0.0,,62.0,User 1197,Analyst,2022-09-02,EU,People
1197,2025-01,0,1,0,64,0,1,1,0.0,,64.0,User 1197,Analyst,2022-09-02,EU,People
1197,2025-02,0,1,0,46,0,1,1,0.0,,46.0,User 1197,Analyst,2022-09-02,EU,People
1197,2025-03,0,2,0,119,0,2,2,0.0,,59.5,User 1197,Analyst,2022-09-02,EU,People
1197,2025-04,1,1,39,61,1,1,2,50.0,39.0,61.0,User 1197,Analyst,2022-09-02,EU,People
1198,2024-10,0,1,0,82,0,1,1,0.0,,82.0,User 1198,Manager,2021-03-11,EU,Finance
1198,2024-11,0,2,0,84,0,2,2,0.0,,42.0,User 1198,Manager,2021-03-11,EU,Finance
1198,2025-01,2,0,55,0,2,0,2,100.0,27.5,,User 1198,Manager,2021-03-11,EU,Finance
1198,2025-02,0,1,0,63,0,1,1,0.0,,63.0,User 1198,Manager,2021-03-11,EU,Finance
1198,2025-03,3,2,143,102,3,2,5,60.0,47.666666666666664,51.0,User 1198,Manager,2021-03-11,EU,Finance
1198,2025-04,0,1,0,64,0,1,1,0.0,,64.0,User 1198,Manager,2021-03-11,EU,Finance
1199,2024-10,0,1,0,50,0,1,1,0.0,,50.0,User 1199,Manager,2022-11-23,EU,People
1199,2024-11,0,1,0,49,0,1,1,0.0,,49.0,User 1199,Manager,2022-11-23,EU,People
1199,2025-02,1,0,33,0,1,0,1,100.0,33.0,,User 1199,Manager,2022-11-23,EU,People
1199,2025-03,0,2,0,130,0,2,2,0.0,,65.0,User 1199,Manager,2022-11-23,EU,People
1199,2025-04,4,1,159,60,4,1,5,80.0,39.75,60.0,User 1199,Manager,2022-11-23,EU,People
1200,2024-10,0,5,0,294,0,5,5,0.0,,58.8,User 1200,Analyst,2023-06-02,EU,Sales
1200,2025-02,3,1,137,50,3,1,4,75.0,45.666666666666664,50.0,User 1200,Analyst,2023-06-02,EU,Sales
1200,2025-03,0,1,0,54,0,1,1,0.0,,54.0,User 1200,Analyst,2023-06-02,EU,Sales
1200,2025-04,1,1,56,67,1,1,2,50.0,56.0,67.0,User 1200,Analyst,2023-06-02,EU,Sales
